Date,Year,Month,Season,ONI,NINO 1+2 SST,NINO 1+2 SST Anomalies,NINO 3 SST,NINO 3 SST Anomalies,NINO 3.4 SST,NINO 3.4 SST Anomalies,NINO 4 SST,NINO 4 SST Anomalies,OLR,TNI,PNA,Precipitation (mm/day),SOI
1951-01-01,1951,JAN,DJF 1951,-0.8,NAN,NAN,NAN,NAN,NAN,NAN,NAN,NAN,NAN,1.315,-1.18,NAN,1.5
1951-02-01,1951,FEB,JFM 1951,-0.5,NAN,NAN,NAN,NAN,NAN,NAN,NAN,NAN,NAN,1.461,-2.11,NAN,0.9
1951-03-01,1951,MAR,FMA 1951,-0.2,NAN,NAN,NAN,NAN,NAN,NAN,NAN,NAN,NAN,1.590,-1.09,NAN,-0.1
1951-04-01,1951,APR,MAM 1951,0.2,NAN,NAN,NAN,NAN,NAN,NAN,NAN,NAN,NAN,1.457,0.47,NAN,-0.3
1951-05-01,1951,MAY,AMJ 1951,0.4,NAN,NAN,NAN,NAN,NAN,NAN,NAN,NAN,NAN,1.615,1.19,NAN,-0.7
1951-06-01,1951,JUN,MJJ 1951,0.6,NAN,NAN,NAN,NAN,NAN,NAN,NAN,NAN,NAN,1.627,-0.54,NAN,0.2
1951-07-01,1951,JUL,JJA 1951,0.7,NAN,NAN,NAN,NAN,NAN,NAN,NAN,NAN,NAN,1.521,-0.44,NAN,-1.0
1951-08-01,1951,AUG,JAS 1951,0.9,NAN,NAN,NAN,NAN,NAN,NAN,NAN,NAN,NAN,1.493,0.02,NAN,-0.2
1951-09-01,1951,SEP,ASO 1951,1.0,NAN,NAN,NAN,NAN,NAN,NAN,NAN,NAN,NAN,1.255,-0.08,NAN,-1.1
1951-10-01,1951,OCT,SON 1951,1.2,NAN,NAN,NAN,NAN,NAN,NAN,NAN,NAN,NAN,0.799,0.43,NAN,-1.0
1951-11-01,1951,NOV,OND 1951,1.0,NAN,NAN,NAN,NAN,NAN,NAN,NAN,NAN,NAN,0.492,0.21,NAN,-0.8
1951-12-01,1951,DEC,NDJ 1951,0.8,NAN,NAN,NAN,NAN,NAN,NAN,NAN,NAN,NAN,0.294,-1.59,NAN,-0.7
1952-01-01,1952,JAN,DJF 1952,0.5,NAN,NAN,NAN,NAN,NAN,NAN,NAN,NAN,NAN,0.168,-3.19,NAN,-0.9
1952-02-01,1952,FEB,JFM 1952,0.4,NAN,NAN,NAN,NAN,NAN,NAN,NAN,NAN,NAN,-0.293,0.08,NAN,-0.6
1952-03-01,1952,MAR,FMA 1952,0.3,NAN,NAN,NAN,NAN,NAN,NAN,NAN,NAN,NAN,-0.368,-0.69,NAN,0.5
1952-04-01,1952,APR,MAM 1952,0.3,NAN,NAN,NAN,NAN,NAN,NAN,NAN,NAN,NAN,-0.374,0.89,NAN,-0.2
1952-05-01,1952,MAY,AMJ 1952,0.2,NAN,NAN,NAN,NAN,NAN,NAN,NAN,NAN,NAN,-0.567,-0.79,NAN,0.8
1952-06-01,1952,JUN,MJJ 1952,0.0,NAN,NAN,NAN,NAN,NAN,NAN,NAN,NAN,NAN,-0.718,0.53,NAN,0.7
1952-07-01,1952,JUL,JJA 1952,-0.1,NAN,NAN,NAN,NAN,NAN,NAN,NAN,NAN,NAN,-0.702,-1.57,NAN,0.5
1952-08-01,1952,AUG,JAS 1952,0.0,NAN,NAN,NAN,NAN,NAN,NAN,NAN,NAN,NAN,-0.703,0.77,NAN,0.1
1952-09-01,1952,SEP,ASO 1952,0.2,NAN,NAN,NAN,NAN,NAN,NAN,NAN,NAN,NAN,-0.704,0.40,NAN,-0.2
1952-10-01,1952,OCT,SON 1952,0.1,NAN,NAN,NAN,NAN,NAN,NAN,NAN,NAN,NAN,-0.449,1.05,NAN,0.4
1952-11-01,1952,NOV,OND 1952,0.0,NAN,NAN,NAN,NAN,NAN,NAN,NAN,NAN,NAN,-0.566,0.77,NAN,0.0
1952-12-01,1952,DEC,NDJ 1952,0.2,NAN,NAN,NAN,NAN,NAN,NAN,NAN,NAN,NAN,-0.167,0.63,NAN,-1.2
1953-01-01,1953,JAN,DJF 1953,0.4,NAN,NAN,NAN,NAN,NAN,NAN,NAN,NAN,NAN,-0.027,0.18,NAN,0.3
1953-02-01,1953,FEB,JFM 1953,0.6,NAN,NAN,NAN,NAN,NAN,NAN,NAN,NAN,NAN,0.150,1.04,NAN,-0.5
1953-03-01,1953,MAR,FMA 1953,0.6,NAN,NAN,NAN,NAN,NAN,NAN,NAN,NAN,NAN,0.325,-0.44,NAN,-0.2
1953-04-01,1953,APR,MAM 1953,0.7,NAN,NAN,NAN,NAN,NAN,NAN,NAN,NAN,NAN,0.550,0.78,NAN,0.2
1953-05-01,1953,MAY,AMJ 1953,0.8,NAN,NAN,NAN,NAN,NAN,NAN,NAN,NAN,NAN,0.428,1.14,NAN,-1.7
1953-06-01,1953,JUN,MJJ 1953,0.8,NAN,NAN,NAN,NAN,NAN,NAN,NAN,NAN,NAN,0.532,-1.60,NAN,0.1
1953-07-01,1953,JUL,JJA 1953,0.8,NAN,NAN,NAN,NAN,NAN,NAN,NAN,NAN,NAN,0.409,0.27,NAN,0.0
1953-08-01,1953,AUG,JAS 1953,0.7,NAN,NAN,NAN,NAN,NAN,NAN,NAN,NAN,NAN,0.196,-1.15,NAN,-1.2
1953-09-01,1953,SEP,ASO 1953,0.8,NAN,NAN,NAN,NAN,NAN,NAN,NAN,NAN,NAN,0.120,-0.14,NAN,-1.2
1953-10-01,1953,OCT,SON 1953,0.8,NAN,NAN,NAN,NAN,NAN,NAN,NAN,NAN,NAN,0.128,2.27,NAN,0.1
1953-11-01,1953,NOV,OND 1953,0.8,NAN,NAN,NAN,NAN,NAN,NAN,NAN,NAN,NAN,-0.426,1.57,NAN,-0.3
1953-12-01,1953,DEC,NDJ 1953,0.8,NAN,NAN,NAN,NAN,NAN,NAN,NAN,NAN,NAN,-0.537,0.96,NAN,-0.5
1954-01-01,1954,JAN,DJF 1954,0.8,NAN,NAN,NAN,NAN,NAN,NAN,NAN,NAN,NAN,-0.655,-2.11,NAN,0.7
1954-02-01,1954,FEB,JFM 1954,0.5,NAN,NAN,NAN,NAN,NAN,NAN,NAN,NAN,NAN,-1.250,-0.48,NAN,-0.3
1954-03-01,1954,MAR,FMA 1954,-0.1,NAN,NAN,NAN,NAN,NAN,NAN,NAN,NAN,NAN,-1.788,-1.44,NAN,0.3
1954-04-01,1954,APR,MAM 1954,-0.4,NAN,NAN,NAN,NAN,NAN,NAN,NAN,NAN,NAN,-1.702,-2.86,NAN,0.6
1954-05-01,1954,MAY,AMJ 1954,-0.5,NAN,NAN,NAN,NAN,NAN,NAN,NAN,NAN,NAN,-1.839,0.65,NAN,0.5
1954-06-01,1954,JUN,MJJ 1954,-0.5,NAN,NAN,NAN,NAN,NAN,NAN,NAN,NAN,NAN,-1.800,0.09,NAN,0.1
1954-07-01,1954,JUL,JJA 1954,-0.6,NAN,NAN,NAN,NAN,NAN,NAN,NAN,NAN,NAN,-1.338,-0.14,NAN,0.4
1954-08-01,1954,AUG,JAS 1954,-0.8,NAN,NAN,NAN,NAN,NAN,NAN,NAN,NAN,NAN,-0.982,-0.11,NAN,1.1
1954-09-01,1954,SEP,ASO 1954,-0.9,NAN,NAN,NAN,NAN,NAN,NAN,NAN,NAN,NAN,-0.607,-0.04,NAN,0.2
1954-10-01,1954,OCT,SON 1954,-0.8,NAN,NAN,NAN,NAN,NAN,NAN,NAN,NAN,NAN,-0.464,0.99,NAN,0.3
1954-11-01,1954,NOV,OND 1954,-0.7,NAN,NAN,NAN,NAN,NAN,NAN,NAN,NAN,NAN,-0.189,1.38,NAN,0.1
1954-12-01,1954,DEC,NDJ 1954,-0.7,NAN,NAN,NAN,NAN,NAN,NAN,NAN,NAN,NAN,0.081,-0.82,NAN,1.4
1955-01-01,1955,JAN,DJF 1955,-0.7,NAN,NAN,NAN,NAN,NAN,NAN,NAN,NAN,NAN,0.316,-0.14,NAN,-0.5
1955-02-01,1955,JAN,JFM 1955,-0.6,NAN,NAN,NAN,NAN,NAN,NAN,NAN,NAN,NAN,0.489,-2.62,NAN,1.9
1955-03-01,1955,FEB,FMA 1955,-0.7,NAN,NAN,NAN,NAN,NAN,NAN,NAN,NAN,NAN,0.619,-2.47,NAN,0.6
1955-04-01,1955,MAR,MAM 1955,-0.8,NAN,NAN,NAN,NAN,NAN,NAN,NAN,NAN,NAN,0.358,-0.24,NAN,-0.1
1955-05-01,1955,APR,AMJ 1955,-0.8,NAN,NAN,NAN,NAN,NAN,NAN,NAN,NAN,NAN,0.399,-0.42,NAN,1.0
1955-06-01,1955,MAY,MJJ 1955,-0.7,NAN,NAN,NAN,NAN,NAN,NAN,NAN,NAN,NAN,0.319,0.11,NAN,1.3
1955-07-01,1955,JUN,JJA 1955,-0.7,NAN,NAN,NAN,NAN,NAN,NAN,NAN,NAN,NAN,0.045,-1.32,NAN,1.6
1955-08-01,1955,JUL,JAS 1955,-0.8,NAN,NAN,NAN,NAN,NAN,NAN,NAN,NAN,NAN,0.147,-0.55,NAN,1.5
1955-09-01,1955,AUG,ASO 1955,-1.1,NAN,NAN,NAN,NAN,NAN,NAN,NAN,NAN,NAN,0.346,-0.22,NAN,1.3
1955-10-01,1955,SEP,SON 1955,-1.4,NAN,NAN,NAN,NAN,NAN,NAN,NAN,NAN,NAN,0.411,0.51,NAN,1.5
1955-11-01,1955,OCT,OND 1955,-1.7,NAN,NAN,NAN,NAN,NAN,NAN,NAN,NAN,NAN,0.545,-0.93,NAN,1.2
1955-12-01,1955,NOV,NDJ 1955,-1.5,NAN,NAN,NAN,NAN,NAN,NAN,NAN,NAN,NAN,0.840,-2.37,NAN,1.0
1956-01-01,1956,JAN,DJF 1956,-1.1,NAN,NAN,NAN,NAN,NAN,NAN,NAN,NAN,NAN,1.092,-2.34,NAN,1.3
1956-02-01,1956,FEB,JFM 1956,-0.8,NAN,NAN,NAN,NAN,NAN,NAN,NAN,NAN,NAN,1.119,-1.69,NAN,1.6
1956-03-01,1956,MAR,FMA 1956,-0.6,NAN,NAN,NAN,NAN,NAN,NAN,NAN,NAN,NAN,0.977,-0.97,NAN,1.3
1956-04-01,1956,APR,MAM 1956,-0.5,NAN,NAN,NAN,NAN,NAN,NAN,NAN,NAN,NAN,0.993,-0.17,NAN,0.9
1956-05-01,1956,MAY,AMJ 1956,-0.5,NAN,NAN,NAN,NAN,NAN,NAN,NAN,NAN,NAN,0.983,-0.17,NAN,1.4
1956-06-01,1956,JUN,MJJ 1956,-0.5,NAN,NAN,NAN,NAN,NAN,NAN,NAN,NAN,NAN,0.723,-0.08,NAN,1.1
1956-07-01,1956,JUL,JJA 1956,-0.6,NAN,NAN,NAN,NAN,NAN,NAN,NAN,NAN,NAN,0.707,-1.28,NAN,1.1
1956-08-01,1956,AUG,JAS 1956,-0.6,NAN,NAN,NAN,NAN,NAN,NAN,NAN,NAN,NAN,0.767,-0.23,NAN,1.2
1956-09-01,1956,SEP,ASO 1956,-0.5,NAN,NAN,NAN,NAN,NAN,NAN,NAN,NAN,NAN,0.661,0.42,NAN,0.1
1956-10-01,1956,OCT,SON 1956,-0.4,NAN,NAN,NAN,NAN,NAN,NAN,NAN,NAN,NAN,0.341,-2.16,NAN,1.8
1956-11-01,1956,NOV,OND 1956,-0.4,NAN,NAN,NAN,NAN,NAN,NAN,NAN,NAN,NAN,-0.035,1.00,NAN,0.2
1956-12-01,1956,DEC,NDJ 1956,-0.4,NAN,NAN,NAN,NAN,NAN,NAN,NAN,NAN,NAN,-0.111,-0.61,NAN,1.1
1957-01-01,1957,JAN,DJF 1957,-0.3,NAN,NAN,NAN,NAN,NAN,NAN,NAN,NAN,NAN,0.090,-2.18,NAN,0.6
1957-02-01,1957,FEB,JFM 1957,0.1,NAN,NAN,NAN,NAN,NAN,NAN,NAN,NAN,NAN,0.260,-1.89,NAN,-0.1
1957-03-01,1957,MAR,FMA 1957,0.4,NAN,NAN,NAN,NAN,NAN,NAN,NAN,NAN,NAN,0.651,0.78,NAN,0.2
1957-04-01,1957,APR,MAM 1957,0.7,NAN,NAN,NAN,NAN,NAN,NAN,NAN,NAN,NAN,1.410,-0.41,NAN,0.2
1957-05-01,1957,MAY,AMJ 1957,0.9,NAN,NAN,NAN,NAN,NAN,NAN,NAN,NAN,NAN,1.734,1.24,NAN,-0.7
1957-06-01,1957,JUN,MJJ 1957,1.1,NAN,NAN,NAN,NAN,NAN,NAN,NAN,NAN,NAN,1.620,0.24,NAN,0.2
1957-07-01,1957,JUL,JJA 1957,1.3,NAN,NAN,NAN,NAN,NAN,NAN,NAN,NAN,NAN,1.606,-0.11,NAN,0.2
1957-08-01,1957,AUG,JAS 1957,1.3,NAN,NAN,NAN,NAN,NAN,NAN,NAN,NAN,NAN,1.414,-0.99,NAN,-0.5
1957-09-01,1957,SEP,ASO 1957,1.3,NAN,NAN,NAN,NAN,NAN,NAN,NAN,NAN,NAN,0.985,-0.22,NAN,-0.9
1957-10-01,1957,OCT,SON 1957,1.4,NAN,NAN,NAN,NAN,NAN,NAN,NAN,NAN,NAN,0.631,0.46,NAN,0.0
1957-11-01,1957,NOV,OND 1957,1.5,NAN,NAN,NAN,NAN,NAN,NAN,NAN,NAN,NAN,0.137,0.49,NAN,-1.0
1957-12-01,1957,DEC,NDJ 1957,1.7,NAN,NAN,NAN,NAN,NAN,NAN,NAN,NAN,NAN,-0.270,-0.73,NAN,-0.3
1958-01-01,1958,JAN,DJF 1958,1.8,NAN,NAN,NAN,NAN,NAN,NAN,NAN,NAN,NAN,-0.639,0.62,NAN,-1.9
1958-02-01,1958,FEB,JFM 1958,1.7,NAN,NAN,NAN,NAN,NAN,NAN,NAN,NAN,NAN,-0.523,0.36,NAN,-0.5
1958-03-01,1958,MAR,FMA 1958,1.3,NAN,NAN,NAN,NAN,NAN,NAN,NAN,NAN,NAN,-0.566,0.18,NAN,0.3
1958-04-01,1958,APR,MAM 1958,0.9,NAN,NAN,NAN,NAN,NAN,NAN,NAN,NAN,NAN,-0.258,0.31,NAN,0.4
1958-05-01,1958,MAY,AMJ 1958,0.7,NAN,NAN,NAN,NAN,NAN,NAN,NAN,NAN,NAN,-0.005,0.66,NAN,-0.5
1958-06-01,1958,JUN,MJJ 1958,0.6,NAN,NAN,NAN,NAN,NAN,NAN,NAN,NAN,NAN,-0.042,1.48,NAN,0.3
1958-07-01,1958,JUL,JJA 1958,0.6,NAN,NAN,NAN,NAN,NAN,NAN,NAN,NAN,NAN,-0.231,0.74,NAN,0.4
1958-08-01,1958,AUG,JAS 1958,0.4,NAN,NAN,NAN,NAN,NAN,NAN,NAN,NAN,NAN,-0.244,2.13,NAN,0.9
1958-09-01,1958,SEP,ASO 1958,0.4,NAN,NAN,NAN,NAN,NAN,NAN,NAN,NAN,NAN,-0.337,-0.05,NAN,-0.3
1958-10-01,1958,OCT,SON 1958,0.4,NAN,NAN,NAN,NAN,NAN,NAN,NAN,NAN,NAN,-0.593,0.34,NAN,0.1
1958-11-01,1958,NOV,OND 1958,0.5,NAN,NAN,NAN,NAN,NAN,NAN,NAN,NAN,NAN,-0.503,0.08,NAN,-0.4
1958-12-01,1958,DEC,NDJ 1958,0.6,NAN,NAN,NAN,NAN,NAN,NAN,NAN,NAN,NAN,-0.599,0.35,NAN,-0.6
1959-01-01,1959,JAN,DJF 1959,0.6,NAN,NAN,NAN,NAN,NAN,NAN,NAN,NAN,NAN,-0.468,-1.54,NAN,-0.9
1959-02-01,1959,FEB,JFM 1959,0.6,NAN,NAN,NAN,NAN,NAN,NAN,NAN,NAN,NAN,-0.319,-1.23,NAN,-1.4
1959-03-01,1959,MAR,FMA 1959,0.5,NAN,NAN,NAN,NAN,NAN,NAN,NAN,NAN,NAN,-0.130,0.21,NAN,1.3
1959-04-01,1959,APR,MAM 1959,0.3,NAN,NAN,NAN,NAN,NAN,NAN,NAN,NAN,NAN,0.102,-0.90,NAN,0.4
1959-05-01,1959,MAY,AMJ 1959,0.2,NAN,NAN,NAN,NAN,NAN,NAN,NAN,NAN,NAN,0.094,-0.30,NAN,0.5
1959-06-01,1959,JUN,MJJ 1959,-0.1,NAN,NAN,NAN,NAN,NAN,NAN,NAN,NAN,NAN,-0.246,1.08,NAN,-0.1
1959-07-01,1959,JUL,JJA 1959,-0.2,NAN,NAN,NAN,NAN,NAN,NAN,NAN,NAN,NAN,-0.387,-0.45,NAN,-0.3
1959-08-01,1959,AUG,JAS 1959,-0.3,NAN,NAN,NAN,NAN,NAN,NAN,NAN,NAN,NAN,-0.384,1.03,NAN,-0.1
1959-09-01,1959,SEP,ASO 1959,-0.1,NAN,NAN,NAN,NAN,NAN,NAN,NAN,NAN,NAN,-0.307,1.19,NAN,0.0
1959-10-01,1959,OCT,SON 1959,0.0,NAN,NAN,NAN,NAN,NAN,NAN,NAN,NAN,NAN,-0.109,0.23,NAN,0.5
1959-11-01,1959,NOV,OND 1959,0.1,NAN,NAN,NAN,NAN,NAN,NAN,NAN,NAN,NAN,0.184,0.26,NAN,0.9
1959-12-01,1959,DEC,NDJ 1959,0.0,NAN,NAN,NAN,NAN,NAN,NAN,NAN,NAN,NAN,0.363,0.36,NAN,0.9
1960-01-01,1960,JAN,DJF 1960,-0.1,NAN,NAN,NAN,NAN,NAN,NAN,NAN,NAN,NAN,0.438,-0.16,NAN,0.1
1960-02-01,1960,FEB,JFM 1960,-0.1,NAN,NAN,NAN,NAN,NAN,NAN,NAN,NAN,NAN,0.095,-0.22,NAN,0.1
1960-03-01,1960,MAR,FMA 1960,-0.1,NAN,NAN,NAN,NAN,NAN,NAN,NAN,NAN,NAN,-0.051,-0.69,NAN,1.0
1960-04-01,1960,APR,MAM 1960,0.0,NAN,NAN,NAN,NAN,NAN,NAN,NAN,NAN,NAN,-0.262,-0.07,NAN,0.8
1960-05-01,1960,MAY,AMJ 1960,0.0,NAN,NAN,NAN,NAN,NAN,NAN,NAN,NAN,NAN,-0.521,0.99,NAN,0.5
1960-06-01,1960,JUN,MJJ 1960,0.0,NAN,NAN,NAN,NAN,NAN,NAN,NAN,NAN,NAN,-0.602,1.20,NAN,0.1
1960-07-01,1960,JUL,JJA 1960,0.1,NAN,NAN,NAN,NAN,NAN,NAN,NAN,NAN,NAN,-0.409,1.11,NAN,0.5
1960-08-01,1960,AUG,JAS 1960,0.2,NAN,NAN,NAN,NAN,NAN,NAN,NAN,NAN,NAN,-0.493,1.85,NAN,0.8
1960-09-01,1960,SEP,ASO 1960,0.3,NAN,NAN,NAN,NAN,NAN,NAN,NAN,NAN,NAN,-0.487,-0.01,NAN,0.7
1960-10-01,1960,OCT,SON 1960,0.2,NAN,NAN,NAN,NAN,NAN,NAN,NAN,NAN,NAN,-0.507,0.48,NAN,0.1
1960-11-01,1960,NOV,OND 1960,0.1,NAN,NAN,NAN,NAN,NAN,NAN,NAN,NAN,NAN,-0.357,-0.52,NAN,0.5
1960-12-01,1960,DEC,NDJ 1960,0.1,NAN,NAN,NAN,NAN,NAN,NAN,NAN,NAN,NAN,-0.076,1.15,NAN,0.8
1961-01-01,1961,JAN,DJF 1961,0.0,NAN,NAN,NAN,NAN,NAN,NAN,NAN,NAN,NAN,0.146,1.16,NAN,-0.3
1961-02-01,1961,FEB,JFM 1961,0.0,NAN,NAN,NAN,NAN,NAN,NAN,NAN,NAN,NAN,0.325,0.17,NAN,0.9
1961-03-01,1961,MAR,FMA 1961,0.0,NAN,NAN,NAN,NAN,NAN,NAN,NAN,NAN,NAN,0.468,0.28,NAN,-1.8
1961-04-01,1961,APR,MAM 1961,0.1,NAN,NAN,NAN,NAN,NAN,NAN,NAN,NAN,NAN,0.230,-1.14,NAN,0.8
1961-05-01,1961,MAY,AMJ 1961,0.2,NAN,NAN,NAN,NAN,NAN,NAN,NAN,NAN,NAN,-0.237,-0.25,NAN,0.3
1961-06-01,1961,JUN,MJJ 1961,0.3,NAN,NAN,NAN,NAN,NAN,NAN,NAN,NAN,NAN,-0.396,1.84,NAN,0.1
1961-07-01,1961,JUL,JJA 1961,0.1,NAN,NAN,NAN,NAN,NAN,NAN,NAN,NAN,NAN,-0.583,-0.52,NAN,0.2
1961-08-01,1961,AUG,JAS 1961,-0.1,NAN,NAN,NAN,NAN,NAN,NAN,NAN,NAN,NAN,-0.489,0.47,NAN,0.2
1961-09-01,1961,SEP,ASO 1961,-0.3,NAN,NAN,NAN,NAN,NAN,NAN,NAN,NAN,NAN,-0.312,1.10,NAN,0.1
1961-10-01,1961,OCT,SON 1961,-0.3,NAN,NAN,NAN,NAN,NAN,NAN,NAN,NAN,NAN,0.059,-1.94,NAN,-0.3
1961-11-01,1961,NOV,OND 1961,-0.2,NAN,NAN,NAN,NAN,NAN,NAN,NAN,NAN,NAN,0.371,-0.40,NAN,0.5
1961-12-01,1961,DEC,NDJ 1961,-0.2,NAN,NAN,NAN,NAN,NAN,NAN,NAN,NAN,NAN,0.618,-1.54,NAN,1.5
1962-01-01,1962,JAN,DJF 1962,-0.2,NAN,NAN,NAN,NAN,NAN,NAN,NAN,NAN,NAN,0.329,-0.74,NAN,2.0
1962-02-01,1962,FEB,JFM 1962,-0.2,NAN,NAN,NAN,NAN,NAN,NAN,NAN,NAN,NAN,-0.102,-0.54,NAN,-0.3
1962-03-01,1962,MAR,FMA 1962,-0.2,NAN,NAN,NAN,NAN,NAN,NAN,NAN,NAN,NAN,-0.282,-0.71,NAN,0.1
1962-04-01,1962,APR,MAM 1962,-0.3,NAN,NAN,NAN,NAN,NAN,NAN,NAN,NAN,NAN,-0.710,-1.50,NAN,0.2
1962-05-01,1962,MAY,AMJ 1962,-0.3,NAN,NAN,NAN,NAN,NAN,NAN,NAN,NAN,NAN,-0.999,-1.11,NAN,1.1
1962-06-01,1962,JUN,MJJ 1962,-0.2,NAN,NAN,NAN,NAN,NAN,NAN,NAN,NAN,NAN,-0.853,-0.97,NAN,0.7
1962-07-01,1962,JUL,JJA 1962,0.0,NAN,NAN,NAN,NAN,NAN,NAN,NAN,NAN,NAN,-0.498,-0.36,NAN,0.1
1962-08-01,1962,AUG,JAS 1962,-0.1,NAN,NAN,NAN,NAN,NAN,NAN,NAN,NAN,NAN,-0.610,0.57,NAN,0.6
1962-09-01,1962,SEP,ASO 1962,-0.1,NAN,NAN,NAN,NAN,NAN,NAN,NAN,NAN,NAN,-0.537,-0.83,NAN,0.4
1962-10-01,1962,OCT,SON 1962,-0.2,NAN,NAN,NAN,NAN,NAN,NAN,NAN,NAN,NAN,-0.482,1.33,NAN,1.0
1962-11-01,1962,NOV,OND 1962,-0.3,NAN,NAN,NAN,NAN,NAN,NAN,NAN,NAN,NAN,-0.321,0.53,NAN,0.3
1962-12-01,1962,DEC,NDJ 1962,-0.4,NAN,NAN,NAN,NAN,NAN,NAN,NAN,NAN,NAN,-0.306,-0.38,NAN,0.2
1963-01-01,1963,JAN,DJF 1963,-0.4,NAN,NAN,NAN,NAN,NAN,NAN,NAN,NAN,NAN,-0.127,0.09,NAN,1.0
1963-02-01,1963,FEB,JFM 1963,-0.2,NAN,NAN,NAN,NAN,NAN,NAN,NAN,NAN,NAN,-0.111,0.79,NAN,0.6
1963-03-01,1963,MAR,FMA 1963,0.2,NAN,NAN,NAN,NAN,NAN,NAN,NAN,NAN,NAN,0.063,-2.04,NAN,1.1
1963-04-01,1963,APR,MAM 1963,0.3,NAN,NAN,NAN,NAN,NAN,NAN,NAN,NAN,NAN,0.003,-0.79,NAN,0.8
1963-05-01,1963,MAY,AMJ 1963,0.3,NAN,NAN,NAN,NAN,NAN,NAN,NAN,NAN,NAN,-0.100,-0.95,NAN,0.4
1963-06-01,1963,JUN,MJJ 1963,0.5,NAN,NAN,NAN,NAN,NAN,NAN,NAN,NAN,NAN,-0.251,0.50,NAN,-0.5
1963-07-01,1963,JUL,JJA 1963,0.9,NAN,NAN,NAN,NAN,NAN,NAN,NAN,NAN,NAN,-0.173,-1.10,NAN,-0.1
1963-08-01,1963,AUG,JAS 1963,1.1,NAN,NAN,NAN,NAN,NAN,NAN,NAN,NAN,NAN,-0.367,-1.01,NAN,0.0
1963-09-01,1963,SEP,ASO 1963,1.2,NAN,NAN,NAN,NAN,NAN,NAN,NAN,NAN,NAN,-0.625,0.87,NAN,-0.6
1963-10-01,1963,OCT,SON 1963,1.3,NAN,NAN,NAN,NAN,NAN,NAN,NAN,NAN,NAN,-0.722,0.93,NAN,-1.2
1963-11-01,1963,NOV,OND 1963,1.4,NAN,NAN,NAN,NAN,NAN,NAN,NAN,NAN,NAN,-0.930,-0.31,NAN,-0.8
1963-12-01,1963,DEC,NDJ 1963,1.3,NAN,NAN,NAN,NAN,NAN,NAN,NAN,NAN,NAN,-1.273,1.46,NAN,-1.2
1964-01-01,1964,JAN,DJF 1964,1.1,NAN,NAN,NAN,NAN,NAN,NAN,NAN,NAN,NAN,-1.342,-0.44,NAN,-0.4
1964-02-01,1964,FEB,JFM 1964,0.6,NAN,NAN,NAN,NAN,NAN,NAN,NAN,NAN,NAN,-1.304,1.36,NAN,0.0
1964-03-01,1964,MAR,FMA 1964,0.1,NAN,NAN,NAN,NAN,NAN,NAN,NAN,NAN,NAN,-1.543,-1.31,NAN,1.1
1964-04-01,1964,APR,MAM 1964,-0.3,NAN,NAN,NAN,NAN,NAN,NAN,NAN,NAN,NAN,-1.424,-1.30,NAN,1.1
1964-05-01,1964,MAY,AMJ 1964,-0.6,NAN,NAN,NAN,NAN,NAN,NAN,NAN,NAN,NAN,-1.178,-2.27,NAN,0.2
1964-06-01,1964,JUN,MJJ 1964,-0.6,NAN,NAN,NAN,NAN,NAN,NAN,NAN,NAN,NAN,-0.993,0.27,NAN,0.8
1964-07-01,1964,JUL,JJA 1964,-0.6,NAN,NAN,NAN,NAN,NAN,NAN,NAN,NAN,NAN,-0.526,0.20,NAN,0.6
1964-08-01,1964,AUG,JAS 1964,-0.7,NAN,NAN,NAN,NAN,NAN,NAN,NAN,NAN,NAN,0.019,0.83,NAN,1.5
1964-09-01,1964,SEP,ASO 1964,-0.8,NAN,NAN,NAN,NAN,NAN,NAN,NAN,NAN,NAN,0.473,0.92,NAN,1.3
1964-10-01,1964,OCT,SON 1964,-0.8,NAN,NAN,NAN,NAN,NAN,NAN,NAN,NAN,NAN,0.781,0.80,NAN,1.3
1964-11-01,1964,NOV,OND 1964,-0.8,NAN,NAN,NAN,NAN,NAN,NAN,NAN,NAN,NAN,0.909,-0.78,NAN,0.2
1964-12-01,1964,DEC,NDJ 1964,-0.8,NAN,NAN,NAN,NAN,NAN,NAN,NAN,NAN,NAN,0.879,-2.03,NAN,-0.3
1965-01-01,1965,JAN,DJF 1965,-0.6,NAN,NAN,NAN,NAN,NAN,NAN,NAN,NAN,NAN,1.119,-0.92,NAN,-0.4
1965-02-01,1965,FEB,JFM 1965,-0.3,NAN,NAN,NAN,NAN,NAN,NAN,NAN,NAN,NAN,1.393,-1.03,NAN,0.4
1965-03-01,1965,MAR,FMA 1965,-0.1,NAN,NAN,NAN,NAN,NAN,NAN,NAN,NAN,NAN,1.838,-0.80,NAN,0.8
1965-04-01,1965,APR,MAM 1965,0.2,NAN,NAN,NAN,NAN,NAN,NAN,NAN,NAN,NAN,2.175,-1.07,NAN,-0.5
1965-05-01,1965,MAY,AMJ 1965,0.5,NAN,NAN,NAN,NAN,NAN,NAN,NAN,NAN,NAN,2.209,-0.42,NAN,0.2
1965-06-01,1965,JUN,MJJ 1965,0.8,NAN,NAN,NAN,NAN,NAN,NAN,NAN,NAN,NAN,2.019,1.89,NAN,-0.6
1965-07-01,1965,JUL,JJA 1965,1.2,NAN,NAN,NAN,NAN,NAN,NAN,NAN,NAN,NAN,1.484,-1.26,NAN,-1.8
1965-08-01,1965,AUG,JAS 1965,1.5,NAN,NAN,NAN,NAN,NAN,NAN,NAN,NAN,NAN,0.758,0.32,NAN,-0.7
1965-09-01,1965,SEP,ASO 1965,1.9,NAN,NAN,NAN,NAN,NAN,NAN,NAN,NAN,NAN,0.214,0.36,NAN,-1.3
1965-10-01,1965,OCT,SON 1965,2.0,NAN,NAN,NAN,NAN,NAN,NAN,NAN,NAN,NAN,-0.107,1.42,NAN,-0.9
1965-11-01,1965,NOV,OND 1965,2.0,NAN,NAN,NAN,NAN,NAN,NAN,NAN,NAN,NAN,-0.336,-0.81,NAN,-1.5
1965-12-01,1965,DEC,NDJ 1965,1.7,NAN,NAN,NAN,NAN,NAN,NAN,NAN,NAN,NAN,-0.560,-1.56,NAN,0.2
1966-01-01,1966,JAN,DJF 1966,1.4,NAN,NAN,NAN,NAN,NAN,NAN,NAN,NAN,NAN,-1.127,-0.15,NAN,-1.3
1966-02-01,1966,FEB,JFM 1966,1.2,NAN,NAN,NAN,NAN,NAN,NAN,NAN,NAN,NAN,-1.485,-2.05,NAN,-0.2
1966-03-01,1966,MAR,FMA 1966,1.0,NAN,NAN,NAN,NAN,NAN,NAN,NAN,NAN,NAN,-1.806,0.43,NAN,-0.9
1966-04-01,1966,APR,MAM 1966,0.7,NAN,NAN,NAN,NAN,NAN,NAN,NAN,NAN,NAN,-2.177,-0.54,NAN,-0.2
1966-05-01,1966,MAY,AMJ 1966,0.4,NAN,NAN,NAN,NAN,NAN,NAN,NAN,NAN,NAN,-2.362,-0.15,NAN,-0.4
1966-06-01,1966,JUN,MJJ 1966,0.2,NAN,NAN,NAN,NAN,NAN,NAN,NAN,NAN,NAN,-2.009,0.10,NAN,0.3
1966-07-01,1966,JUL,JJA 1966,0.2,NAN,NAN,NAN,NAN,NAN,NAN,NAN,NAN,NAN,-1.867,-1.18,NAN,0.1
1966-08-01,1966,AUG,JAS 1966,0.1,NAN,NAN,NAN,NAN,NAN,NAN,NAN,NAN,NAN,-1.699,1.26,NAN,0.6
1966-09-01,1966,SEP,ASO 1966,-0.1,NAN,NAN,NAN,NAN,NAN,NAN,NAN,NAN,NAN,-1.408,0.63,NAN,-0.2
1966-10-01,1966,OCT,SON 1966,-0.1,NAN,NAN,NAN,NAN,NAN,NAN,NAN,NAN,NAN,-1.178,-0.61,NAN,-0.1
1966-11-01,1966,NOV,OND 1966,-0.2,NAN,NAN,NAN,NAN,NAN,NAN,NAN,NAN,NAN,-0.774,-1.96,NAN,0.0
1966-12-01,1966,DEC,NDJ 1966,-0.3,NAN,NAN,NAN,NAN,NAN,NAN,NAN,NAN,NAN,-0.224,-0.21,NAN,-0.3
1967-01-01,1967,JAN,DJF 1967,-0.4,NAN,NAN,NAN,NAN,NAN,NAN,NAN,NAN,NAN,-0.079,-1.16,NAN,1.7
1967-02-01,1967,FEB,JFM 1967,-0.5,NAN,NAN,NAN,NAN,NAN,NAN,NAN,NAN,NAN,-0.022,-0.20,NAN,1.7
1967-03-01,1967,MAR,FMA 1967,-0.5,NAN,NAN,NAN,NAN,NAN,NAN,NAN,NAN,NAN,-0.140,-2.25,NAN,1.2
1967-04-01,1967,APR,MAM 1967,-0.5,NAN,NAN,NAN,NAN,NAN,NAN,NAN,NAN,NAN,-0.461,-1.91,NAN,0.0
1967-05-01,1967,MAY,AMJ 1967,-0.2,NAN,NAN,NAN,NAN,NAN,NAN,NAN,NAN,NAN,-0.974,-0.80,NAN,0.0
1967-06-01,1967,JUN,MJJ 1967,0.0,NAN,NAN,NAN,NAN,NAN,NAN,NAN,NAN,NAN,-1.254,-0.33,NAN,0.6
1967-07-01,1967,JUL,JJA 1967,0.1,NAN,NAN,NAN,NAN,NAN,NAN,NAN,NAN,NAN,-1.449,-1.24,NAN,0.2
1967-08-01,1967,AUG,JAS 1967,-0.2,NAN,NAN,NAN,NAN,NAN,NAN,NAN,NAN,NAN,-1.543,-0.35,NAN,0.7
1967-09-01,1967,SEP,ASO 1967,-0.3,NAN,NAN,NAN,NAN,NAN,NAN,NAN,NAN,NAN,-1.674,0.11,NAN,0.5
1967-10-01,1967,OCT,SON 1967,-0.4,NAN,NAN,NAN,NAN,NAN,NAN,NAN,NAN,NAN,-1.722,1.10,NAN,0.1
1967-11-01,1967,NOV,OND 1967,-0.3,NAN,NAN,NAN,NAN,NAN,NAN,NAN,NAN,NAN,-1.619,-0.35,NAN,-0.4
1967-12-01,1967,DEC,NDJ 1967,-0.4,NAN,NAN,NAN,NAN,NAN,NAN,NAN,NAN,NAN,-1.545,-1.12,NAN,-0.6
1968-01-01,1968,JAN,DJF 1968,-0.6,NAN,NAN,NAN,NAN,NAN,NAN,NAN,NAN,NAN,-1.335,-1.78,NAN,0.5
1968-02-01,1968,FEB,JFM 1968,-0.7,NAN,NAN,NAN,NAN,NAN,NAN,NAN,NAN,NAN,-1.172,1.11,NAN,1.3
1968-03-01,1968,MAR,FMA 1968,-0.6,NAN,NAN,NAN,NAN,NAN,NAN,NAN,NAN,NAN,-1.108,0.13,NAN,0.1
1968-04-01,1968,APR,MAM 1968,-0.4,NAN,NAN,NAN,NAN,NAN,NAN,NAN,NAN,NAN,-1.245,-1.11,NAN,0.0
1968-05-01,1968,MAY,AMJ 1968,0.0,NAN,NAN,NAN,NAN,NAN,NAN,NAN,NAN,NAN,-1.197,0.23,NAN,1.2
1968-06-01,1968,JUN,MJJ 1968,0.3,NAN,NAN,NAN,NAN,NAN,NAN,NAN,NAN,NAN,-1.070,-0.08,NAN,1.1
1968-07-01,1968,JUL,JJA 1968,0.6,NAN,NAN,NAN,NAN,NAN,NAN,NAN,NAN,NAN,-0.690,-0.04,NAN,0.7
1968-08-01,1968,AUG,JAS 1968,0.5,NAN,NAN,NAN,NAN,NAN,NAN,NAN,NAN,NAN,-0.534,1.30,NAN,0.3
1968-09-01,1968,SEP,ASO 1968,0.5,NAN,NAN,NAN,NAN,NAN,NAN,NAN,NAN,NAN,-0.441,-0.87,NAN,-0.3
1968-10-01,1968,OCT,SON 1968,0.6,NAN,NAN,NAN,NAN,NAN,NAN,NAN,NAN,NAN,-0.398,0.45,NAN,-0.1
1968-11-01,1968,NOV,OND 1968,0.7,NAN,NAN,NAN,NAN,NAN,NAN,NAN,NAN,NAN,-0.785,0.83,NAN,-0.3
1968-12-01,1968,DEC,NDJ 1968,1.0,NAN,NAN,NAN,NAN,NAN,NAN,NAN,NAN,NAN,-1.508,-1.74,NAN,0.2
1969-01-01,1969,JAN,DJF 1969,1.1,NAN,NAN,NAN,NAN,NAN,NAN,NAN,NAN,NAN,-1.509,-2.96,NAN,-1.5
1969-02-01,1969,FEB,JFM 1969,1.1,NAN,NAN,NAN,NAN,NAN,NAN,NAN,NAN,NAN,-1.156,-1.97,NAN,-0.5
1969-03-01,1969,MAR,FMA 1969,1.0,NAN,NAN,NAN,NAN,NAN,NAN,NAN,NAN,NAN,-0.713,0.47,NAN,0.4
1969-04-01,1969,APR,MAM 1969,0.8,NAN,NAN,NAN,NAN,NAN,NAN,NAN,NAN,NAN,0.053,0.48,NAN,-0.4
1969-05-01,1969,MAY,AMJ 1969,0.6,NAN,NAN,NAN,NAN,NAN,NAN,NAN,NAN,NAN,0.623,1.02,NAN,-0.2
1969-06-01,1969,JUN,MJJ 1969,0.4,NAN,NAN,NAN,NAN,NAN,NAN,NAN,NAN,NAN,0.491,2.11,NAN,0.2
1969-07-01,1969,JUL,JJA 1969,0.4,NAN,NAN,NAN,NAN,NAN,NAN,NAN,NAN,NAN,0.191,0.51,NAN,-0.5
1969-08-01,1969,AUG,JAS 1969,0.5,NAN,NAN,NAN,NAN,NAN,NAN,NAN,NAN,NAN,-0.100,-0.69,NAN,-0.1
1969-09-01,1969,SEP,ASO 1969,0.8,NAN,NAN,NAN,NAN,NAN,NAN,NAN,NAN,NAN,-0.463,1.31,NAN,-1.0
1969-10-01,1969,OCT,SON 1969,0.9,NAN,NAN,NAN,NAN,NAN,NAN,NAN,NAN,NAN,-0.500,0.55,NAN,-0.9
1969-11-01,1969,NOV,OND 1969,0.8,NAN,NAN,NAN,NAN,NAN,NAN,NAN,NAN,NAN,-0.302,0.13,NAN,-0.1
1969-12-01,1969,DEC,NDJ 1969,0.6,NAN,NAN,NAN,NAN,NAN,NAN,NAN,NAN,NAN,-0.348,1.53,NAN,0.4
1970-01-01,1970,JAN,DJF 1970,0.5,NAN,NAN,NAN,NAN,NAN,NAN,NAN,NAN,NAN,-0.773,0.12,NAN,-1.1
1970-02-01,1970,FEB,JFM 1970,0.3,NAN,NAN,NAN,NAN,NAN,NAN,NAN,NAN,NAN,-1.024,1.01,NAN,-1.0
1970-03-01,1970,MAR,FMA 1970,0.3,NAN,NAN,NAN,NAN,NAN,NAN,NAN,NAN,NAN,-1.386,0.49,NAN,0.6
1970-04-01,1970,APR,MAM 1970,0.2,NAN,NAN,NAN,NAN,NAN,NAN,NAN,NAN,NAN,-1.722,-0.66,NAN,-0.1
1970-05-01,1970,MAY,AMJ 1970,0.0,NAN,NAN,NAN,NAN,NAN,NAN,NAN,NAN,NAN,-1.993,-0.50,NAN,0.4
1970-06-01,1970,JUN,MJJ 1970,-0.3,NAN,NAN,NAN,NAN,NAN,NAN,NAN,NAN,NAN,-1.865,0.23,NAN,1.0
1970-07-01,1970,JUL,JJA 1970,-0.6,NAN,NAN,NAN,NAN,NAN,NAN,NAN,NAN,NAN,-1.723,0.74,NAN,-0.4
1970-08-01,1970,AUG,JAS 1970,-0.8,NAN,NAN,NAN,NAN,NAN,NAN,NAN,NAN,NAN,-1.283,-0.60,NAN,0.6
1970-09-01,1970,SEP,ASO 1970,-0.8,NAN,NAN,NAN,NAN,NAN,NAN,NAN,NAN,NAN,-0.958,-0.39,NAN,1.2
1970-10-01,1970,OCT,SON 1970,-0.7,NAN,NAN,NAN,NAN,NAN,NAN,NAN,NAN,NAN,-0.276,-0.95,NAN,1.0
1970-11-01,1970,NOV,OND 1970,-0.9,NAN,NAN,NAN,NAN,NAN,NAN,NAN,NAN,NAN,0.231,-1.15,NAN,1.6
1970-12-01,1970,DEC,NDJ 1970,-1.2,NAN,NAN,NAN,NAN,NAN,NAN,NAN,NAN,NAN,0.454,-1.09,NAN,1.9
1971-01-01,1971,JAN,DJF 1971,-1.4,NAN,NAN,NAN,NAN,NAN,NAN,NAN,NAN,NAN,0.566,-2.43,NAN,0.4
1971-02-01,1971,FEB,JFM 1971,-1.4,NAN,NAN,NAN,NAN,NAN,NAN,NAN,NAN,NAN,0.862,-0.16,NAN,2.0
1971-03-01,1971,MAR,FMA 1971,-1.1,NAN,NAN,NAN,NAN,NAN,NAN,NAN,NAN,NAN,0.691,-0.28,NAN,2.3
1971-04-01,1971,APR,MAM 1971,-0.9,NAN,NAN,NAN,NAN,NAN,NAN,NAN,NAN,NAN,0.400,0.23,NAN,1.7
1971-05-01,1971,MAY,AMJ 1971,-0.7,NAN,NAN,NAN,NAN,NAN,NAN,NAN,NAN,NAN,0.397,1.09,NAN,0.9
1971-06-01,1971,JUN,MJJ 1971,-0.7,NAN,NAN,NAN,NAN,NAN,NAN,NAN,NAN,NAN,0.211,0.51,NAN,0.4
1971-07-01,1971,JUL,JJA 1971,-0.8,NAN,NAN,NAN,NAN,NAN,NAN,NAN,NAN,NAN,0.100,-1.74,NAN,0.2
1971-08-01,1971,AUG,JAS 1971,-0.8,NAN,NAN,NAN,NAN,NAN,NAN,NAN,NAN,NAN,0.097,-0.81,NAN,1.5
1971-09-01,1971,SEP,ASO 1971,-0.8,NAN,NAN,NAN,NAN,NAN,NAN,NAN,NAN,NAN,0.145,0.15,NAN,1.4
1971-10-01,1971,OCT,SON 1971,-0.9,NAN,NAN,NAN,NAN,NAN,NAN,NAN,NAN,NAN,0.087,-1.35,NAN,1.7
1971-11-01,1971,NOV,OND 1971,-1.0,NAN,NAN,NAN,NAN,NAN,NAN,NAN,NAN,NAN,0.221,-0.26,NAN,0.5
1971-12-01,1971,DEC,NDJ 1971,-0.9,NAN,NAN,NAN,NAN,NAN,NAN,NAN,NAN,NAN,0.259,-1.76,NAN,0.3
1972-01-01,1972,JAN,DJF 1972,-0.7,NAN,NAN,NAN,NAN,NAN,NAN,NAN,NAN,NAN,0.447,-2.46,NAN,0.5
1972-02-01,1972,FEB,JFM 1972,-0.4,NAN,NAN,NAN,NAN,NAN,NAN,NAN,NAN,NAN,0.575,-2.27,NAN,1.1
1972-03-01,1972,MAR,FMA 1972,0.1,NAN,NAN,NAN,NAN,NAN,NAN,NAN,NAN,NAN,0.661,-0.10,NAN,0.6
1972-04-01,1972,APR,MAM 1972,0.4,NAN,NAN,NAN,NAN,NAN,NAN,NAN,NAN,NAN,0.851,-1.95,NAN,-0.1
1972-05-01,1972,MAY,AMJ 1972,0.7,NAN,NAN,NAN,NAN,NAN,NAN,NAN,NAN,NAN,1.134,0.21,NAN,-1.6
1972-06-01,1972,JUN,MJJ 1972,0.9,NAN,NAN,NAN,NAN,NAN,NAN,NAN,NAN,NAN,1.520,-0.15,NAN,-0.5
1972-07-01,1972,JUL,JJA 1972,1.1,NAN,NAN,NAN,NAN,NAN,NAN,NAN,NAN,NAN,1.659,-1.13,NAN,-1.4
1972-08-01,1972,AUG,JAS 1972,1.4,NAN,NAN,NAN,NAN,NAN,NAN,NAN,NAN,NAN,1.642,-0.04,NAN,-0.5
1972-09-01,1972,SEP,ASO 1972,1.6,NAN,NAN,NAN,NAN,NAN,NAN,NAN,NAN,NAN,1.481,0.13,NAN,-1.4
1972-10-01,1972,OCT,SON 1972,1.8,NAN,NAN,NAN,NAN,NAN,NAN,NAN,NAN,NAN,1.186,-1.49,NAN,-0.9
1972-11-01,1972,NOV,OND 1972,2.1,NAN,NAN,NAN,NAN,NAN,NAN,NAN,NAN,NAN,0.600,0.53,NAN,-0.3
1972-12-01,1972,DEC,NDJ 1972,2.1,NAN,NAN,NAN,NAN,NAN,NAN,NAN,NAN,NAN,0.122,-0.86,NAN,-1.3
1973-01-01,1973,JAN,DJF 1973,1.8,NAN,NAN,NAN,NAN,NAN,NAN,NAN,NAN,NAN,-0.294,-0.88,NAN,-0.3
1973-02-01,1973,FEB,JFM 1973,1.3,NAN,NAN,NAN,NAN,NAN,NAN,NAN,NAN,NAN,-0.675,-0.14,NAN,-1.4
1973-03-01,1973,MAR,FMA 1973,0.5,NAN,NAN,NAN,NAN,NAN,NAN,NAN,NAN,NAN,-1.108,0.53,NAN,0.7
1973-04-01,1973,APR,MAM 1973,-0.1,NAN,NAN,NAN,NAN,NAN,NAN,NAN,NAN,NAN,-1.220,0.11,NAN,0.1
1973-05-01,1973,MAY,AMJ 1973,-0.5,NAN,NAN,NAN,NAN,NAN,NAN,NAN,NAN,NAN,-1.119,0.67,NAN,0.4
1973-06-01,1973,JUN,MJJ 1973,-0.9,NAN,NAN,NAN,NAN,NAN,NAN,NAN,NAN,NAN,-0.855,1.01,NAN,1.1
1973-07-01,1973,JUL,JJA 1973,-1.1,NAN,NAN,NAN,NAN,NAN,NAN,NAN,NAN,NAN,-0.561,-0.26,NAN,0.6
1973-08-01,1973,AUG,JAS 1973,-1.3,NAN,NAN,NAN,NAN,NAN,NAN,NAN,NAN,NAN,-0.038,-0.95,NAN,1.3
1973-09-01,1973,SEP,ASO 1973,-1.5,NAN,NAN,NAN,NAN,NAN,NAN,NAN,NAN,NAN,0.501,-0.27,NAN,1.2
1973-10-01,1973,OCT,SON 1973,-1.7,NAN,NAN,NAN,NAN,NAN,NAN,NAN,NAN,NAN,1.149,-0.74,NAN,0.8
1973-11-01,1973,NOV,OND 1973,-2.0,NAN,NAN,NAN,NAN,NAN,NAN,NAN,NAN,NAN,1.717,-1.66,NAN,2.6
1973-12-01,1973,DEC,NDJ 1973,-2.0,NAN,NAN,NAN,NAN,NAN,NAN,NAN,NAN,NAN,1.970,0.23,NAN,1.8
1974-01-01,1974,JAN,DJF 1974,-1.8,NAN,NAN,NAN,NAN,NAN,NAN,NAN,NAN,NAN,2.145,-1.54,NAN,2.4
1974-02-01,1974,FEB,JFM 1974,-1.6,NAN,NAN,NAN,NAN,NAN,NAN,NAN,NAN,NAN,2.129,-1.50,NAN,2.1
1974-03-01,1974,MAR,FMA 1974,-1.2,NAN,NAN,NAN,NAN,NAN,NAN,NAN,NAN,NAN,1.962,-1.10,NAN,2.4
1974-04-01,1974,APR,MAM 1974,-1.0,NAN,NAN,NAN,NAN,NAN,NAN,NAN,NAN,NAN,1.728,-0.73,NAN,0.9
1974-05-01,1974,MAY,AMJ 1974,-0.9,NAN,NAN,NAN,NAN,NAN,NAN,NAN,NAN,NAN,1.702,-0.40,NAN,1.0
1974-06-01,1974,JUN,MJJ 1974,-0.8,NAN,NAN,NAN,NAN,NAN,NAN,NAN,NAN,1.1,1.502,-1.36,NAN,0.4
1974-07-01,1974,JUL,JJA 1974,-0.5,NAN,NAN,NAN,NAN,NAN,NAN,NAN,NAN,0.0,1.229,-0.09,NAN,1.1
1974-08-01,1974,AUG,JAS 1974,-0.4,NAN,NAN,NAN,NAN,NAN,NAN,NAN,NAN,1.0,0.890,0.90,NAN,0.8
1974-09-01,1974,SEP,ASO 1974,-0.4,NAN,NAN,NAN,NAN,NAN,NAN,NAN,NAN,0.9,0.825,0.35,NAN,1.1
1974-10-01,1974,OCT,SON 1974,-0.6,NAN,NAN,NAN,NAN,NAN,NAN,NAN,NAN,1.1,0.636,0.93,NAN,0.9
1974-11-01,1974,NOV,OND 1974,-0.8,NAN,NAN,NAN,NAN,NAN,NAN,NAN,NAN,1.0,0.479,0.53,NAN,-0.1
1974-12-01,1974,DEC,NDJ 1974,-0.6,NAN,NAN,NAN,NAN,NAN,NAN,NAN,NAN,0.1,0.361,0.38,NAN,0.2
1975-01-01,1975,JAN,DJF 1975,-0.5,NAN,NAN,NAN,NAN,NAN,NAN,NAN,NAN,-0.2,0.600,-1.20,NAN,-0.5
1975-02-01,1975,FEB,JFM 1975,-0.6,NAN,NAN,NAN,NAN,NAN,NAN,NAN,NAN,1.1,0.749,-0.51,NAN,0.8
1975-03-01,1975,MAR,FMA 1975,-0.7,NAN,NAN,NAN,NAN,NAN,NAN,NAN,NAN,1.1,0.855,-0.81,NAN,1.6
1975-04-01,1975,APR,MAM 1975,-0.7,NAN,NAN,NAN,NAN,NAN,NAN,NAN,NAN,0.7,0.949,-0.67,NAN,1.2
1975-05-01,1975,MAY,AMJ 1975,-0.8,NAN,NAN,NAN,NAN,NAN,NAN,NAN,NAN,1.4,1.337,0.60,NAN,0.6
1975-06-01,1975,JUN,MJJ 1975,-1.0,NAN,NAN,NAN,NAN,NAN,NAN,NAN,NAN,1.0,1.461,-0.31,NAN,1.3
1975-07-01,1975,JUL,JJA 1975,-1.1,NAN,NAN,NAN,NAN,NAN,NAN,NAN,NAN,1.2,1.503,-1.53,NAN,1.9
1975-08-01,1975,AUG,JAS 1975,-1.2,NAN,NAN,NAN,NAN,NAN,NAN,NAN,NAN,1.4,1.734,-1.10,NAN,2.0
1975-09-01,1975,SEP,ASO 1975,-1.4,NAN,NAN,NAN,NAN,NAN,NAN,NAN,NAN,1.3,1.933,-0.23,NAN,2.1
1975-10-01,1975,OCT,SON 1975,-1.4,NAN,NAN,NAN,NAN,NAN,NAN,NAN,NAN,1.4,1.983,-0.65,NAN,1.7
1975-11-01,1975,NOV,OND 1975,-1.6,NAN,NAN,NAN,NAN,NAN,NAN,NAN,NAN,1.3,1.946,-0.63,NAN,1.2
1975-12-01,1975,DEC,NDJ 1975,-1.7,NAN,NAN,NAN,NAN,NAN,NAN,NAN,NAN,1.9,1.908,-0.16,NAN,2.1
1976-01-01,1976,JAN,DJF 1976,-1.6,NAN,NAN,NAN,NAN,NAN,NAN,NAN,NAN,1.1,1.725,-0.25,NAN,1.4
1976-02-01,1976,FEB,JFM 1976,-1.2,NAN,NAN,NAN,NAN,NAN,NAN,NAN,NAN,1.2,1.727,-2.38,NAN,1.7
1976-03-01,1976,MAR,FMA 1976,-0.7,NAN,NAN,NAN,NAN,NAN,NAN,NAN,NAN,0.3,1.697,-1.78,NAN,1.7
1976-04-01,1976,APR,MAM 1976,-0.5,NAN,NAN,NAN,NAN,NAN,NAN,NAN,NAN,0.7,1.813,0.92,NAN,0.3
1976-05-01,1976,MAY,AMJ 1976,-0.3,NAN,NAN,NAN,NAN,NAN,NAN,NAN,NAN,0.4,2.058,0.58,NAN,0.4
1976-06-01,1976,JUN,MJJ 1976,-0.1,NAN,NAN,NAN,NAN,NAN,NAN,NAN,NAN,-0.4,2.354,-1.32,NAN,0.3
1976-07-01,1976,JUL,JJA 1976,0.2,NAN,NAN,NAN,NAN,NAN,NAN,NAN,NAN,-0.5,2.206,-0.12,NAN,-0.9
1976-08-01,1976,AUG,JAS 1976,0.4,NAN,NAN,NAN,NAN,NAN,NAN,NAN,NAN,-0.6,1.881,-0.62,NAN,-0.8
1976-09-01,1976,SEP,ASO 1976,0.6,NAN,NAN,NAN,NAN,NAN,NAN,NAN,NAN,-0.3,1.352,-0.04,NAN,-1.1
1976-10-01,1976,OCT,SON 1976,0.8,NAN,NAN,NAN,NAN,NAN,NAN,NAN,NAN,-0.5,0.809,0.91,NAN,0.4
1976-11-01,1976,NOV,OND 1976,0.9,NAN,NAN,NAN,NAN,NAN,NAN,NAN,NAN,0.2,0.303,1.72,NAN,0.7
1976-12-01,1976,DEC,NDJ 1976,0.9,NAN,NAN,NAN,NAN,NAN,NAN,NAN,NAN,-0.8,0.066,0.21,NAN,-0.3
1977-01-01,1977,JAN,DJF 1977,0.7,NAN,NAN,NAN,NAN,NAN,NAN,NAN,NAN,-0.7,-0.164,1.60,NAN,-0.4
1977-02-01,1977,FEB,JFM 1977,0.6,NAN,NAN,NAN,NAN,NAN,NAN,NAN,NAN,0.6,-0.266,2.43,NAN,1.2
1977-03-01,1977,MAR,FMA 1977,0.3,NAN,NAN,NAN,NAN,NAN,NAN,NAN,NAN,-1.1,-0.445,-0.69,NAN,-0.5
1977-04-01,1977,APR,MAM 1977,0.2,NAN,NAN,NAN,NAN,NAN,NAN,NAN,NAN,0.0,-0.657,-0.32,NAN,-0.4
1977-05-01,1977,MAY,AMJ 1977,0.2,NAN,NAN,NAN,NAN,NAN,NAN,NAN,NAN,0.4,-0.907,-0.56,NAN,-0.5
1977-06-01,1977,JUN,MJJ 1977,0.3,NAN,NAN,NAN,NAN,NAN,NAN,NAN,NAN,0.4,-1.185,0.57,NAN,-0.9
1977-07-01,1977,JUL,JJA 1977,0.4,NAN,NAN,NAN,NAN,NAN,NAN,NAN,NAN,-0.2,-1.527,-1.04,NAN,-1.1
1977-08-01,1977,AUG,JAS 1977,0.4,NAN,NAN,NAN,NAN,NAN,NAN,NAN,NAN,0.0,-1.733,2.20,NAN,-0.8
1977-09-01,1977,SEP,ASO 1977,0.6,NAN,NAN,NAN,NAN,NAN,NAN,NAN,NAN,0.0,-1.947,-0.72,NAN,-0.8
1977-10-01,1977,OCT,SON 1977,0.7,NAN,NAN,NAN,NAN,NAN,NAN,NAN,NAN,-0.2,-2.106,1.25,NAN,-1.0
1977-11-01,1977,NOV,OND 1977,0.8,NAN,NAN,NAN,NAN,NAN,NAN,NAN,NAN,-0.7,-1.913,-0.22,NAN,-1.3
1977-12-01,1977,DEC,NDJ 1977,0.8,NAN,NAN,NAN,NAN,NAN,NAN,NAN,NAN,-1.9,-1.636,-0.80,NAN,-1.1
1978-01-01,1978,JAN,DJF 1978,0.7,NAN,NAN,NAN,NAN,NAN,NAN,NAN,NAN,-0.9,-1.571,0.13,NAN,-0.3
1978-02-01,1978,FEB,JFM 1978,0.4,NAN,NAN,NAN,NAN,NAN,NAN,NAN,NAN,-0.9,-1.284,1.40,NAN,-2.7
1978-03-01,1978,MAR,FMA 1978,0.1,NAN,NAN,NAN,NAN,NAN,NAN,NAN,NAN,NAN,-1.000,-0.18,NAN,-0.2
1978-04-01,1978,APR,MAM 1978,-0.2,NAN,NAN,NAN,NAN,NAN,NAN,NAN,NAN,NAN,-0.984,-0.19,NAN,-0.3
1978-05-01,1978,MAY,AMJ 1978,-0.3,NAN,NAN,NAN,NAN,NAN,NAN,NAN,NAN,NAN,-0.905,-0.73,NAN,1.4
1978-06-01,1978,JUN,MJJ 1978,-0.3,NAN,NAN,NAN,NAN,NAN,NAN,NAN,NAN,NAN,-0.786,-0.92,NAN,0.7
1978-07-01,1978,JUL,JJA 1978,-0.4,NAN,NAN,NAN,NAN,NAN,NAN,NAN,NAN,NAN,-0.732,-2.43,NAN,0.6
1978-08-01,1978,AUG,JAS 1978,-0.4,NAN,NAN,NAN,NAN,NAN,NAN,NAN,NAN,NAN,-0.616,0.02,NAN,0.4
1978-09-01,1978,SEP,ASO 1978,-0.4,NAN,NAN,NAN,NAN,NAN,NAN,NAN,NAN,NAN,-0.349,1.38,NAN,0.1
1978-10-01,1978,OCT,SON 1978,-0.3,NAN,NAN,NAN,NAN,NAN,NAN,NAN,NAN,NAN,-0.085,0.69,NAN,-0.4
1978-11-01,1978,NOV,OND 1978,-0.1,NAN,NAN,NAN,NAN,NAN,NAN,NAN,NAN,NAN,0.022,-0.48,NAN,0.0
1978-12-01,1978,DEC,NDJ 1978,0.0,NAN,NAN,NAN,NAN,NAN,NAN,NAN,NAN,NAN,-0.188,-1.02,NAN,-0.1
1979-01-01,1979,JAN,DJF 1979,0.0,NAN,NAN,NAN,NAN,NAN,NAN,NAN,NAN,-0.7,-0.343,-1.54,NAN,-0.4
1979-02-01,1979,FEB,JFM 1979,0.1,NAN,NAN,NAN,NAN,NAN,NAN,NAN,NAN,-0.6,-0.309,-2.73,NAN,1.0
1979-03-01,1979,MAR,FMA 1979,0.2,NAN,NAN,NAN,NAN,NAN,NAN,NAN,NAN,-0.3,-0.347,0.08,NAN,0.1
1979-04-01,1979,APR,MAM 1979,0.3,NAN,NAN,NAN,NAN,NAN,NAN,NAN,NAN,0.3,-0.187,-0.15,NAN,-0.1
1979-05-01,1979,MAY,AMJ 1979,0.2,NAN,NAN,NAN,NAN,NAN,NAN,NAN,NAN,0.0,0.067,1.27,NAN,0.5
1979-06-01,1979,JUN,MJJ 1979,0.1,NAN,NAN,NAN,NAN,NAN,NAN,NAN,NAN,0.3,0.333,-1.64,NAN,0.6
1979-07-01,1979,JUL,JJA 1979,0.0,NAN,NAN,NAN,NAN,NAN,NAN,NAN,NAN,0.5,0.440,0.51,NAN,1.3
1979-08-01,1979,AUG,JAS 1979,0.2,NAN,NAN,NAN,NAN,NAN,NAN,NAN,NAN,0.2,0.462,0.67,NAN,-0.2
1979-09-01,1979,SEP,ASO 1979,0.3,NAN,NAN,NAN,NAN,NAN,NAN,NAN,NAN,-0.1,0.302,1.02,NAN,0.1
1979-10-01,1979,OCT,SON 1979,0.5,NAN,NAN,NAN,NAN,NAN,NAN,NAN,NAN,-0.7,0.007,1.85,NAN,-0.1
1979-11-01,1979,NOV,OND 1979,0.5,NAN,NAN,NAN,NAN,NAN,NAN,NAN,NAN,-0.5,-0.285,0.51,NAN,-0.4
1979-12-01,1979,DEC,NDJ 1979,0.6,NAN,NAN,NAN,NAN,NAN,NAN,NAN,NAN,-0.5,-0.758,-0.68,NAN,-0.7
1980-01-01,1980,JAN,DJF 1980,0.6,NAN,NAN,NAN,NAN,NAN,NAN,NAN,NAN,0.6,-1.073,-1.01,NAN,0.4
1980-02-01,1980,FEB,JFM 1980,0.5,NAN,NAN,NAN,NAN,NAN,NAN,NAN,NAN,0.4,-1.201,2.03,NAN,0.3
1980-03-01,1980,MAR,FMA 1980,0.3,NAN,NAN,NAN,NAN,NAN,NAN,NAN,NAN,-1.1,-1.039,-0.64,NAN,-0.4
1980-04-01,1980,APR,MAM 1980,0.4,NAN,NAN,NAN,NAN,NAN,NAN,NAN,NAN,0.0,-0.996,1.66,NAN,-0.6
1980-05-01,1980,MAY,AMJ 1980,0.5,NAN,NAN,NAN,NAN,NAN,NAN,NAN,NAN,-0.2,-1.039,-0.16,NAN,0.0
1980-06-01,1980,JUN,MJJ 1980,0.5,NAN,NAN,NAN,NAN,NAN,NAN,NAN,NAN,-0.7,-1.038,-0.81,NAN,0.0
1980-07-01,1980,JUL,JJA 1980,0.3,NAN,NAN,NAN,NAN,NAN,NAN,NAN,NAN,-0.3,-1.018,-0.81,NAN,0.0
1980-08-01,1980,AUG,JAS 1980,0.0,NAN,NAN,NAN,NAN,NAN,NAN,NAN,NAN,-0.9,-1.135,-2.03,NAN,0.4
1980-09-01,1980,SEP,ASO 1980,-0.1,NAN,NAN,NAN,NAN,NAN,NAN,NAN,NAN,0.0,-1.284,-0.08,NAN,-0.5
1980-10-01,1980,OCT,SON 1980,0.0,NAN,NAN,NAN,NAN,NAN,NAN,NAN,NAN,-0.3,-1.290,2.87,NAN,0.0
1980-11-01,1980,NOV,OND 1980,0.1,NAN,NAN,NAN,NAN,NAN,NAN,NAN,NAN,-0.4,-1.393,1.28,NAN,-0.3
1980-12-01,1980,DEC,NDJ 1980,0.0,NAN,NAN,NAN,NAN,NAN,NAN,NAN,NAN,0.3,-1.425,-0.57,NAN,-0.1
1981-01-01,1981,JAN,DJF 1981,-0.3,NAN,NAN,NAN,NAN,NAN,NAN,NAN,NAN,0.4,-1.350,2.46,6.62,0.4
1981-02-01,1981,FEB,JFM 1981,-0.5,NAN,NAN,NAN,NAN,NAN,NAN,NAN,NAN,-0.7,-1.094,0.21,1.76,-0.2
1981-03-01,1981,MAR,FMA 1981,-0.5,NAN,NAN,NAN,NAN,NAN,NAN,NAN,NAN,-0.9,-0.835,1.27,0.61,-1.3
1981-04-01,1981,APR,MAM 1981,-0.4,NAN,NAN,NAN,NAN,NAN,NAN,NAN,NAN,-0.9,-0.558,-1.23,0.56,-0.1
1981-05-01,1981,MAY,AMJ 1981,-0.3,NAN,NAN,NAN,NAN,NAN,NAN,NAN,NAN,0.5,-0.496,1.83,1.57,0.8
1981-06-01,1981,JUN,MJJ 1981,-0.3,NAN,NAN,NAN,NAN,NAN,NAN,NAN,NAN,0.4,-0.464,-0.10,3.07,1.2
1981-07-01,1981,JUL,JJA 1981,-0.3,NAN,NAN,NAN,NAN,NAN,NAN,NAN,NAN,0.1,-0.533,-1.02,1.95,0.8
1981-08-01,1981,AUG,JAS 1981,-0.3,NAN,NAN,NAN,NAN,NAN,NAN,NAN,NAN,0.9,-0.605,-1.54,1.47,0.7
1981-09-01,1981,SEP,ASO 1981,-0.2,NAN,NAN,NAN,NAN,NAN,NAN,NAN,NAN,0.0,-0.708,0.08,3.44,0.3
1981-10-01,1981,OCT,SON 1981,-0.1,NAN,NAN,NAN,NAN,NAN,NAN,NAN,NAN,0.2,-0.617,-1.43,2.69,-0.4
1981-11-01,1981,NOV,OND 1981,-0.2,NAN,NAN,NAN,NAN,NAN,NAN,NAN,NAN,0.3,-0.621,1.19,2.93,0.2
1981-12-01,1981,DEC,NDJ 1981,-0.1,NAN,NAN,NAN,NAN,NAN,NAN,NAN,NAN,-0.2,-0.708,-0.42,4.30,0.5
1982-01-01,1982,JAN,DJF 1982,-0.1,24.28,-0.24,25.84,0.17,26.65,0.08,28.01,-0.21,0.9,-1.067,-1.75,5.66,1.2
1982-02-01,1982,FEB,JFM 1982,0.1,25.38,-0.72,26.26,-0.11,26.54,-0.20,27.99,-0.11,0.1,-1.466,-1.20,5.50,0.3
1982-03-01,1982,MAR,FMA 1982,0.2,25.22,-1.38,26.92,-0.25,27.09,-0.14,28.18,-0.05,-0.6,-1.922,-1.66,0.44,0.6
1982-04-01,1982,APR,MAM 1982,0.5,24.57,-1.16,27.52,-0.05,27.83,0.02,28.61,0.10,0.0,-2.359,-2.08,0.28,0.1
1982-05-01,1982,MAY,AMJ 1982,0.7,24.00,-0.62,27.70,0.49,28.37,0.49,29.19,0.40,0.4,-2.364,-0.53,2.51,-0.3
1982-06-01,1982,JUN,MJJ 1982,0.7,22.88,-0.29,27.10,0.46,28.35,0.65,29.46,0.62,-0.2,-1.924,2.17,6.80,-1.0
1982-07-01,1982,JUL,JJA 1982,0.8,22.07,0.24,26.14,0.27,27.57,0.27,28.76,-0.02,-1.2,-1.418,0.49,1.48,-1.5
1982-08-01,1982,AUG,JAS 1982,1.1,21.71,0.85,26.05,0.83,27.76,0.86,28.70,0.01,-1.6,-0.811,0.31,3.43,-1.7
1982-09-01,1982,SEP,ASO 1982,1.6,21.91,1.33,26.50,1.49,28.01,1.24,28.91,0.24,-1.4,0.196,0.83,1.78,-1.7
1982-10-01,1982,OCT,SON 1982,2.0,22.67,1.80,27.04,1.96,28.50,1.73,29.11,0.43,-1.8,0.981,-0.86,1.38,-1.7
1982-11-01,1982,NOV,OND 1982,2.2,24.40,2.78,27.39,2.19,28.50,1.68,28.85,0.18,-2.0,1.440,-0.47,0.96,-2.6
1982-12-01,1982,DEC,NDJ 1982,2.2,25.73,2.89,28.07,2.80,28.85,2.21,28.81,0.36,-0.9,1.683,0.45,0.68,-2.2
1983-01-01,1983,JAN,DJF 1983,2.2,26.82,2.30,28.37,2.69,28.70,2.13,28.63,0.41,-1.5,1.822,0.87,0.28,-3.5
1983-02-01,1983,FEB,JFM 1983,1.9,27.65,1.55,28.39,2.01,28.54,1.81,28.51,0.41,-0.7,1.991,1.44,0.02,-3.6
1983-03-01,1983,MAR,FMA 1983,1.5,28.34,1.73,28.48,1.32,28.45,1.22,28.59,0.37,0.1,2.282,2.03,0.04,-2.4
1983-04-01,1983,APR,MAM 1983,1.3,28.10,2.37,28.76,1.19,28.49,0.68,28.49,-0.02,0.3,2.929,0.98,0.03,-0.9
1983-05-01,1983,MAY,AMJ 1983,1.1,27.87,3.26,28.64,1.43,28.56,0.68,28.97,0.18,-0.8,3.734,-0.08,0.25,0.6
1983-06-01,1983,JUN,MJJ 1983,0.7,27.20,4.03,28.09,1.45,28.16,0.45,28.78,-0.06,-0.9,4.227,2.10,3.10,0.0
1983-07-01,1983,JUL,JJA 1983,0.3,25.69,3.85,26.56,0.68,26.97,-0.33,28.46,-0.32,-1.0,4.143,0.82,4.99,-0.6
1983-08-01,1983,AUG,JAS 1983,-0.1,23.73,2.88,25.77,0.55,26.46,-0.44,28.20,-0.49,-0.1,3.867,0.50,4.59,0.1
1983-09-01,1983,SEP,ASO 1983,-0.5,22.16,1.58,25.21,0.20,26.38,-0.38,28.06,-0.62,-0.1,3.183,-1.37,6.70,0.9
1983-10-01,1983,OCT,SON 1983,-0.8,21.98,1.11,24.56,-0.52,25.75,-1.02,27.67,-1.02,0.3,2.462,0.26,5.73,0.4
1983-11-01,1983,NOV,OND 1983,-1.0,22.01,0.38,24.16,-1.03,25.53,-1.29,27.67,-1.01,0.2,1.814,1.75,3.16,-0.1
1983-12-01,1983,DEC,NDJ 1983,-0.9,22.95,0.11,24.39,-0.88,25.49,-1.16,27.48,-0.97,1.1,1.411,-0.61,2.17,0.0
1984-01-01,1984,JAN,DJF 1984,-0.6,24.35,-0.16,24.80,-0.87,25.60,-0.96,27.41,-0.81,1.7,1.080,0.60,2.31,0.2
1984-02-01,1984,FEB,JFM 1984,-0.4,25.23,-0.87,26.41,0.03,26.57,-0.16,27.26,-0.84,1.9,0.907,0.73,2.51,0.9
1984-03-01,1984,MAR,FMA 1984,-0.3,25.72,-0.88,26.88,-0.28,26.71,-0.52,27.32,-0.91,1.2,0.603,1.08,1.97,-0.2
1984-04-01,1984,APR,MAM 1984,-0.4,25.28,-0.45,27.28,-0.29,27.27,-0.54,27.54,-0.97,1.1,0.369,1.41,1.72,0.3
1984-05-01,1984,MAY,AMJ 1984,-0.5,23.44,-1.17,26.38,-0.84,27.19,-0.69,27.94,-0.85,0.7,0.148,0.37,2.66,0.2
1984-06-01,1984,JUN,MJJ 1984,-0.5,22.21,-0.97,25.36,-1.29,26.68,-1.03,28.04,-0.81,0.5,-0.183,-0.36,4.29,-0.3
1984-07-01,1984,JUL,JJA 1984,-0.3,21.15,-0.69,25.04,-0.83,26.62,-0.68,28.34,-0.45,0.1,-0.516,-2.61,0.65,0.2
1984-08-01,1984,AUG,JAS 1984,-0.2,20.28,-0.57,24.64,-0.58,26.36,-0.54,28.04,-0.65,0.2,-0.536,-1.14,2.52,0.4
1984-09-01,1984,SEP,ASO 1984,-0.2,20.20,-0.38,24.72,-0.29,26.35,-0.41,28.22,-0.45,0.3,-0.277,-0.02,0.59,0.1
1984-10-01,1984,OCT,SON 1984,-0.6,20.45,-0.43,24.18,-0.90,26.02,-0.75,28.02,-0.67,0.2,0.186,-0.53,4.93,-0.3
1984-11-01,1984,NOV,OND 1984,-0.9,21.42,-0.21,24.15,-1.05,25.52,-1.30,27.92,-0.75,-0.2,0.207,0.39,4.98,0.3
1984-12-01,1984,DEC,NDJ 1984,-1.1,22.62,-0.21,23.89,-1.37,25.16,-1.48,27.45,-1.00,0.1,0.255,-1.90,4.77,-0.1
1985-01-01,1985,JAN,DJF 1985,-1.0,23.59,-0.93,24.28,-1.39,25.26,-1.30,27.39,-0.83,0.2,0.366,1.44,5.20,-0.3
1985-02-01,1985,FEB,JFM 1985,-0.9,24.79,-1.30,25.24,-1.14,25.81,-0.92,27.53,-0.57,1.2,0.147,-0.99,0.80,1.2
1985-03-01,1985,MAR,FMA 1985,-0.8,25.66,-0.95,26.21,-0.96,26.35,-0.89,27.23,-0.99,-0.7,-0.506,-1.19,0.47,0.8
1985-04-01,1985,APR,MAM 1985,-0.8,24.30,-1.43,26.64,-0.94,26.71,-1.10,27.42,-1.09,0.8,-0.572,-1.27,1.14,1.2
1985-05-01,1985,MAY,AMJ 1985,-0.8,22.72,-1.89,25.99,-1.22,26.81,-1.08,27.71,-1.08,1.1,-0.762,-0.82,2.28,0.4
1985-06-01,1985,JUN,MJJ 1985,-0.6,21.83,-1.35,25.45,-1.19,26.63,-1.08,27.88,-0.96,0.5,-1.244,1.28,3.53,-0.4
1985-07-01,1985,JUL,JJA 1985,-0.5,20.46,-1.37,24.73,-1.14,26.50,-0.80,28.05,-0.74,0.3,-1.452,-0.19,4.75,-0.1
1985-08-01,1985,AUG,JAS 1985,-0.5,19.60,-1.26,24.24,-0.98,26.27,-0.63,28.09,-0.60,0.4,-1.337,-0.53,3.23,1.0
1985-09-01,1985,SEP,ASO 1985,-0.4,19.23,-1.35,24.04,-0.97,25.99,-0.77,28.08,-0.60,0.0,-1.499,-0.63,9.40,0.0
1985-10-01,1985,OCT,SON 1985,-0.4,19.76,-1.11,24.11,-0.98,26.03,-0.74,28.11,-0.57,0.2,-1.379,-1.50,6.62,-0.4
1985-11-01,1985,NOV,OND 1985,-0.3,20.83,-0.79,24.29,-0.91,26.23,-0.59,28.30,-0.37,-0.1,-0.950,-1.83,3.42,-0.2
1985-12-01,1985,DEC,NDJ 1985,-0.4,22.34,-0.50,24.39,-0.88,26.05,-0.59,28.10,-0.34,0.1,-0.623,1.08,3.86,0.2
1986-01-01,1986,JAN,DJF 1986,-0.5,24.50,-0.02,24.80,-0.87,25.84,-0.72,27.70,-0.52,0.2,-0.564,0.60,6.50,1.0
1986-02-01,1986,FEB,JFM 1986,-0.5,25.88,-0.22,25.80,-0.58,25.95,-0.78,27.73,-0.37,0.9,-0.458,0.41,0.64,-1.0
1986-03-01,1986,MAR,FMA 1986,-0.3,25.91,-0.69,26.74,-0.42,26.64,-0.60,27.94,-0.29,1.1,-0.515,0.51,1.20,0.5
1986-04-01,1986,APR,MAM 1986,-0.2,24.82,-0.91,27.04,-0.53,27.29,-0.52,27.83,-0.68,0.4,-0.968,-0.15,0.89,0.3
1986-05-01,1986,MAY,AMJ 1986,-0.1,23.34,-1.27,26.44,-0.77,27.32,-0.56,28.35,-0.44,0.4,-1.395,-0.03,2.04,-0.2
1986-06-01,1986,JUN,MJJ 1986,0.0,22.16,-1.02,26.15,-0.49,27.38,-0.33,28.60,-0.24,-0.2,-1.529,0.39,5.34,1.0
1986-07-01,1986,JUL,JJA 1986,0.2,21.22,-0.61,25.78,-0.09,27.26,-0.04,28.50,-0.29,-0.2,-1.727,-0.35,5.03,0.3
1986-08-01,1986,AUG,JAS 1986,0.4,20.72,-0.14,25.12,-0.10,27.09,0.19,28.68,-0.01,0.2,-1.860,-1.49,5.52,-0.4
1986-09-01,1986,SEP,ASO 1986,0.7,20.47,-0.11,25.30,0.29,27.16,0.40,28.83,0.15,-1.0,-1.769,-0.28,5.89,-0.5
1986-10-01,1986,OCT,SON 1986,0.9,21.00,0.12,25.43,0.34,27.28,0.51,28.91,0.23,-0.8,-1.689,1.18,9.43,0.6
1986-11-01,1986,NOV,OND 1986,1.1,21.62,-0.01,25.74,0.54,27.36,0.54,28.97,0.30,-1.5,-1.616,-0.71,8.99,-1.2
1986-12-01,1986,DEC,NDJ 1986,1.2,22.96,0.12,25.86,0.60,27.47,0.82,28.64,0.19,-2.4,-1.322,1.06,1.63,-1.4
1987-01-01,1987,JAN,DJF 1987,1.2,25.06,0.54,26.48,0.81,27.51,0.94,28.48,0.26,-2.3,-0.980,0.63,0.97,-0.7
1987-02-01,1987,FEB,JFM 1987,1.2,26.75,0.66,27.16,0.78,27.55,0.82,28.41,0.31,-2.3,-0.584,0.57,1.73,-1.2
1987-03-01,1987,MAR,FMA 1987,1.1,27.54,0.94,27.96,0.80,28.12,0.89,28.70,0.47,-1.3,-0.221,0.85,0.52,-1.3
1987-04-01,1987,APR,MAM 1987,1.0,26.60,0.87,28.14,0.57,28.25,0.45,28.77,0.26,-1.3,-0.192,1.54,0.08,-1.4
1987-05-01,1987,MAY,AMJ 1987,1.0,25.45,0.84,27.83,0.62,28.20,0.32,28.85,0.06,-1.9,-0.289,-1.02,0.75,-1.3
1987-06-01,1987,JUN,MJJ 1987,1.2,23.83,0.66,27.15,0.51,28.42,0.72,29.18,0.34,-1.2,-0.497,0.56,2.59,-1.1
1987-07-01,1987,JUL,JJA 1987,1.5,22.53,0.70,26.87,0.99,28.34,1.04,29.08,0.29,-2.2,-0.835,-0.43,6.65,-1.4
1987-08-01,1987,AUG,JAS 1987,1.7,21.58,0.72,26.28,1.06,28.10,1.20,29.04,0.35,-1.6,-1.008,0.74,5.65,-0.9
1987-09-01,1987,SEP,ASO 1987,1.7,21.29,0.71,26.38,1.37,28.08,1.32,29.01,0.33,-0.6,-1.191,-2.60,4.04,-1.0
1987-10-01,1987,OCT,SON 1987,1.5,22.17,1.29,25.96,0.88,27.74,0.97,29.31,0.63,-1.2,-1.283,0.75,5.03,-0.4
1987-11-01,1987,NOV,OND 1987,1.3,22.55,0.93,25.93,0.73,27.67,0.85,29.31,0.63,-0.7,-1.465,1.19,5.77,0.0
1987-12-01,1987,DEC,NDJ 1987,1.1,23.28,0.44,26.17,0.91,27.41,0.77,28.96,0.51,-1.3,-1.566,0.50,2.59,-0.5
1988-01-01,1988,JAN,DJF 1988,0.8,24.33,-0.19,26.20,0.53,27.23,0.67,28.72,0.50,-0.9,-1.718,0.03,0.69,-0.1
1988-02-01,1988,FEB,JFM 1988,0.5,25.68,-0.42,26.35,-0.03,26.95,0.22,28.40,0.31,-0.7,-1.557,1.37,1.83,-0.4
1988-03-01,1988,MAR,FMA 1988,0.1,25.75,-0.85,27.07,-0.10,27.29,0.06,28.15,-0.07,0.4,-1.350,0.38,1.14,0.6
1988-04-01,1988,APR,MAM 1988,-0.3,24.66,-1.07,26.81,-0.76,27.26,-0.55,27.91,-0.60,0.2,-1.229,1.12,2.54,0.1
1988-05-01,1988,MAY,AMJ 1988,-0.9,23.48,-1.13,25.54,-1.67,26.56,-1.32,28.07,-0.72,0.6,-1.016,0.61,2.03,0.9
1988-06-01,1988,JUN,MJJ 1988,-1.3,21.58,-1.59,24.48,-2.16,26.01,-1.70,27.89,-0.95,0.9,-0.911,1.31,5.37,0.1
1988-07-01,1988,JUL,JJA 1988,-1.3,20.23,-1.60,23.79,-2.08,25.57,-1.73,27.79,-1.00,0.9,-0.771,1.60,4.18,1.0
1988-08-01,1988,AUG,JAS 1988,-1.1,19.19,-1.66,23.62,-1.60,25.47,-1.43,27.70,-0.99,1.1,-0.447,-0.62,4.26,1.5
1988-09-01,1988,SEP,ASO 1988,-1.2,19.06,-1.52,24.07,-0.94,25.83,-0.93,27.91,-0.77,1.1,0.274,-0.97,6.88,1.8
1988-10-01,1988,OCT,SON 1988,-1.5,19.35,-1.53,23.51,-1.58,24.76,-2.01,26.93,-1.75,0.8,0.875,0.89,6.71,1.4
1988-11-01,1988,NOV,OND 1988,-1.8,20.41,-1.22,23.38,-1.82,24.60,-2.22,26.81,-1.87,1.2,1.614,0.11,8.02,1.7
1988-12-01,1988,DEC,NDJ 1988,-1.9,21.67,-1.17,23.44,-1.82,24.63,-2.01,26.67,-1.78,1.6,2.362,0.33,4.24,1.2
1989-01-01,1989,JAN,DJF 1989,-1.7,24.04,-0.48,24.23,-1.45,24.56,-2.00,26.36,-1.86,1.7,2.629,-1.57,3.10,1.5
1989-02-01,1989,FEB,JFM 1989,-1.4,25.86,-0.23,25.42,-0.96,25.26,-1.48,26.63,-1.46,1.7,2.577,-1.71,3.28,1.2
1989-03-01,1989,MAR,FMA 1989,-1.1,26.60,0.00,25.93,-1.23,25.80,-1.44,26.97,-1.26,1.3,2.039,-1.56,3.89,1.1
1989-04-01,1989,APR,MAM 1989,-0.8,25.60,-0.13,26.51,-1.06,26.49,-1.32,27.41,-1.10,0.6,1.436,-0.77,2.04,1.6
1989-05-01,1989,MAY,AMJ 1989,-0.6,23.36,-1.25,26.31,-0.90,26.99,-0.89,28.10,-0.69,0.4,0.658,-0.04,9.63,1.2
1989-06-01,1989,JUN,MJJ 1989,-0.4,22.03,-1.15,26.25,-0.39,27.03,-0.67,27.79,-1.05,0.6,0.103,-0.56,10.35,0.7
1989-07-01,1989,JUL,JJA 1989,-0.3,21.14,-0.70,25.35,-0.52,26.73,-0.57,27.96,-0.83,0.4,-0.400,-0.59,6.43,0.9
1989-08-01,1989,AUG,JAS 1989,-0.3,20.35,-0.51,24.57,-0.65,26.18,-0.72,27.79,-0.91,0.5,-0.420,-0.27,7.79,-0.3
1989-09-01,1989,SEP,ASO 1989,-0.2,19.70,-0.88,24.61,-0.40,26.25,-0.51,28.13,-0.54,0.5,-0.404,0.41,8.18,0.5
1989-10-01,1989,OCT,SON 1989,-0.2,20.20,-0.68,24.52,-0.57,26.22,-0.55,28.14,-0.54,0.2,-0.559,-1.08,6.66,0.8
1989-11-01,1989,NOV,OND 1989,-0.2,21.19,-0.43,24.50,-0.70,26.21,-0.62,27.91,-0.76,-0.6,-0.839,-0.70,4.38,-0.2
1989-12-01,1989,DEC,NDJ 1989,-0.1,22.26,-0.58,24.76,-0.50,26.44,-0.20,28.30,-0.15,-0.2,-1.019,0.57,1.87,-0.5
1990-01-01,1990,JAN,DJF 1990,0.1,23.92,-0.60,25.27,-0.40,26.45,-0.11,28.20,-0.02,-1.0,-1.314,-1.09,3.52,-0.1
1990-02-01,1990,FEB,JFM 1990,0.2,25.66,-0.43,26.27,-0.11,26.74,0.01,28.27,0.18,-1.0,-1.647,-2.78,0.42,-1.8
1990-03-01,1990,MAR,FMA 1990,0.3,26.10,-0.50,26.67,-0.50,27.05,-0.18,28.36,0.13,-1.4,-1.634,0.04,0.62,-0.4
1990-04-01,1990,APR,MAM 1990,0.3,25.03,-0.70,27.36,-0.21,27.74,-0.06,28.67,0.16,-0.7,-1.573,-0.62,1.13,0.2
1990-05-01,1990,MAY,AMJ 1990,0.3,24.00,-0.61,27.24,0.03,27.92,0.04,28.64,-0.15,0.0,-1.714,0.27,5.54,1.2
1990-06-01,1990,JUN,MJJ 1990,0.3,22.77,-0.40,26.46,-0.18,27.44,-0.26,28.64,-0.20,0.1,-1.810,-1.39,6.50,0.3
1990-07-01,1990,JUL,JJA 1990,0.3,20.93,-0.90,25.72,-0.15,27.27,-0.03,28.68,-0.11,-0.2,-1.880,-0.26,5.10,0.5
1990-08-01,1990,AUG,JAS 1990,0.4,20.39,-0.47,25.16,-0.06,26.99,0.09,28.83,0.14,-0.7,-2.165,1.76,5.39,-0.2
1990-09-01,1990,SEP,ASO 1990,0.4,19.98,-0.60,25.00,-0.01,26.73,-0.03,28.76,0.08,-0.7,-2.399,-0.46,6.98,-0.7
1990-10-01,1990,OCT,SON 1990,0.4,20.08,-0.79,24.91,-0.17,26.95,0.18,28.96,0.28,-0.1,-2.380,-0.91,5.85,0.3
1990-11-01,1990,NOV,OND 1990,0.4,20.73,-0.90,24.84,-0.36,26.73,-0.09,28.82,0.15,-0.5,-2.437,-1.66,11.49,-0.5
1990-12-01,1990,DEC,NDJ 1990,0.4,22.12,-0.72,25.18,-0.08,26.86,0.22,28.84,0.39,-0.5,-2.357,-1.62,1.82,-0.2
1991-01-01,1991,JAN,DJF 1991,0.4,23.73,-0.78,25.63,-0.05,26.89,0.33,28.62,0.40,-0.4,-2.109,0.20,2.32,0.6
1991-02-01,1991,FEB,JFM 1991,0.3,25.70,-0.40,26.28,-0.10,26.87,0.14,28.40,0.30,-0.6,-2.090,1.13,1.62,0.3
1991-03-01,1991,MAR,FMA 1991,0.2,26.32,-0.28,26.96,-0.20,27.16,-0.08,28.38,0.15,-0.4,-2.002,-1.21,1.26,-0.7
1991-04-01,1991,APR,MAM 1991,0.3,25.21,-0.52,27.39,-0.19,27.89,0.08,28.73,0.22,0.0,-1.793,0.38,2.72,-0.6
1991-05-01,1991,MAY,AMJ 1991,0.5,24.65,0.04,27.44,0.22,28.13,0.25,29.18,0.39,-0.1,-1.766,-0.63,2.73,-1.0
1991-06-01,1991,JUN,MJJ 1991,0.6,23.07,-0.11,27.23,0.58,28.10,0.39,29.05,0.21,-0.2,-1.843,-0.92,6.22,-0.1
1991-07-01,1991,JUL,JJA 1991,0.7,22.06,0.23,26.43,0.56,27.77,0.47,28.95,0.17,-0.5,-1.672,0.28,7.78,0.0
1991-08-01,1991,AUG,JAS 1991,0.6,20.98,0.12,25.55,0.33,27.50,0.60,29.07,0.38,-1.0,-1.706,-0.28,5.76,-0.4
1991-09-01,1991,SEP,ASO 1991,0.6,20.72,0.14,25.12,0.11,27.07,0.31,28.85,0.17,-0.7,-1.655,1.15,3.13,-1.5
1991-10-01,1991,OCT,SON 1991,0.8,21.09,0.22,25.36,0.27,27.41,0.64,29.31,0.63,-0.6,-1.657,-2.35,7.23,-1.0
1991-11-01,1991,NOV,OND 1991,1.2,21.92,0.29,25.93,0.73,27.71,0.89,29.12,0.44,-2.5,-1.664,0.22,3.26,-0.7
1991-12-01,1991,DEC,NDJ 1991,1.5,23.13,0.29,26.30,1.03,28.14,1.50,29.21,0.77,-1.8,-1.625,0.17,1.17,-1.8
1992-01-01,1992,JAN,DJF 1992,1.7,24.59,0.07,26.86,1.18,28.23,1.67,28.80,0.58,-2.2,-1.363,0.99,0.76,-2.9
1992-02-01,1992,FEB,JFM 1992,1.6,26.25,0.15,27.34,0.96,28.28,1.55,28.76,0.67,-1.3,-0.945,0.09,0.28,-0.9
1992-03-01,1992,MAR,FMA 1992,1.5,27.38,0.78,27.87,0.71,28.39,1.16,28.83,0.60,-2.0,-0.480,0.46,0.16,-2.0
1992-04-01,1992,APR,MAM 1992,1.3,27.17,1.44,28.46,0.89,28.81,1.00,29.03,0.52,-1.6,-0.278,-0.29,0.20,-1.0
1992-05-01,1992,MAY,AMJ 1992,1.1,26.09,1.47,28.28,1.07,28.79,0.91,29.12,0.33,-1.8,-0.363,1.20,1.47,0.3
1992-06-01,1992,JUN,MJJ 1992,0.7,23.66,0.48,27.12,0.47,28.12,0.42,29.01,0.17,-1.0,-0.564,1.36,5.47,-0.6
1992-07-01,1992,JUL,JJA 1992,0.4,21.44,-0.39,25.65,-0.22,27.45,0.15,29.12,0.33,-0.4,-0.992,0.38,10.07,-0.6
1992-08-01,1992,AUG,JAS 1992,0.1,20.67,-0.18,24.98,-0.24,26.82,-0.08,28.65,-0.04,-0.2,-1.276,-0.37,4.46,0.4
1992-09-01,1992,SEP,ASO 1992,-0.1,20.37,-0.21,24.82,-0.19,26.60,-0.16,28.65,-0.03,0.0,-1.317,-1.13,4.52,0.1
1992-10-01,1992,OCT,SON 1992,-0.3,20.99,0.12,24.66,-0.42,26.27,-0.50,28.45,-0.24,-0.5,-1.219,0.40,7.74,-1.4
1992-11-01,1992,NOV,OND 1992,-0.3,21.37,-0.26,24.97,-0.23,26.64,-0.18,28.37,-0.30,-1.1,-1.146,0.80,2.64,-0.7
1992-12-01,1992,DEC,NDJ 1992,-0.1,22.41,-0.43,25.10,-0.17,26.78,0.14,28.48,0.03,-1.5,-0.878,-1.53,2.87,-0.6
1993-01-01,1993,JAN,DJF 1993,0.1,24.25,-0.27,25.66,-0.01,26.73,0.16,28.32,0.09,-0.7,-0.819,-1.48,1.90,-0.9
1993-02-01,1993,FEB,JFM 1993,0.3,26.12,0.03,26.69,0.31,27.07,0.34,28.10,0.00,-1.6,-0.668,0.44,5.75,-0.7
1993-03-01,1993,MAR,FMA 1993,0.5,26.84,0.23,27.38,0.22,27.46,0.23,28.29,0.07,-1.0,-0.417,0.94,1.83,-0.5
1993-04-01,1993,APR,MAM 1993,0.7,26.23,0.50,28.02,0.44,28.13,0.32,28.51,0.00,-2.0,-0.267,1.26,1.86,-1.2
1993-05-01,1993,MAY,AMJ 1993,0.7,25.16,0.54,28.05,0.84,28.53,0.65,28.79,0.00,-1.5,-0.481,2.43,1.27,-0.3
1993-06-01,1993,JUN,MJJ 1993,0.6,23.53,0.36,26.82,0.18,27.86,0.15,28.76,-0.08,-1.4,-0.629,0.66,3.52,-0.8
1993-07-01,1993,JUL,JJA 1993,0.3,22.06,0.23,26.04,0.17,27.51,0.22,28.80,0.02,-1.3,-0.854,-0.28,7.13,-0.8
1993-08-01,1993,AUG,JAS 1993,0.3,20.98,0.13,25.25,0.03,26.86,-0.04,28.67,-0.02,-0.6,-1.028,-0.17,6.73,-0.9
1993-09-01,1993,SEP,ASO 1993,0.2,20.88,0.30,25.16,0.15,27.00,0.24,28.83,0.16,-0.9,-1.186,-0.97,8.42,-0.7
1993-10-01,1993,OCT,SON 1993,0.1,21.19,0.32,25.28,0.20,26.96,0.19,28.66,-0.02,-1.5,-1.170,-0.17,7.13,-1.1
1993-11-01,1993,NOV,OND 1993,0.0,21.64,0.01,25.21,0.01,26.90,0.08,28.76,0.08,-0.1,-1.162,-0.35,5.74,-0.1
1993-12-01,1993,DEC,NDJ 1993,0.1,22.46,-0.37,25.25,-0.02,26.74,0.10,28.74,0.29,-0.7,-1.005,0.42,9.31,0.2
1994-01-01,1994,JAN,DJF 1994,0.1,24.31,-0.20,25.75,0.08,26.58,0.02,28.31,0.09,-0.1,-1.203,-0.80,2.41,-0.1
1994-02-01,1994,FEB,JFM 1994,0.1,25.76,-0.34,26.19,-0.19,26.65,-0.08,27.89,-0.20,0.6,-1.399,-1.27,3.76,0.3
1994-03-01,1994,MAR,FMA 1994,0.2,25.54,-1.06,26.86,-0.30,27.38,0.15,28.28,0.06,0.3,-1.611,0.23,2.94,-0.7
1994-04-01,1994,APR,MAM 1994,0.3,24.51,-1.22,27.01,-0.56,27.88,0.08,28.40,-0.11,-0.3,-1.847,-0.70,5.65,-1.3
1994-05-01,1994,MAY,AMJ 1994,0.4,23.52,-1.10,26.95,-0.26,28.00,0.12,28.98,0.19,-0.1,-2.339,0.48,3.50,-0.7
1994-06-01,1994,JUN,MJJ 1994,0.4,22.42,-0.75,26.42,-0.23,27.84,0.13,29.03,0.19,0.1,-2.750,-1.36,13.02,-0.4
1994-07-01,1994,JUL,JJA 1994,0.4,21.22,-0.61,25.26,-0.61,27.29,-0.01,29.25,0.47,-0.3,-2.800,-0.06,4.54,-1.3
1994-08-01,1994,AUG,JAS 1994,0.4,19.89,-0.96,24.87,-0.35,27.30,0.40,29.31,0.61,-0.6,-2.609,-1.38,8.24,-1.2
1994-09-01,1994,SEP,ASO 1994,0.6,20.06,-0.52,24.90,-0.11,27.04,0.28,29.05,0.38,-1.0,-2.500,-2.02,7.01,-1.6
1994-10-01,1994,OCT,SON 1994,0.7,21.56,0.69,25.58,0.49,27.37,0.60,29.19,0.50,-0.6,-2.194,-0.09,5.93,-1.1
1994-11-01,1994,NOV,OND 1994,1.0,22.26,0.63,25.93,0.73,27.73,0.91,29.25,0.58,-1.4,-1.657,-1.61,2.11,-0.6
1994-12-01,1994,DEC,NDJ 1994,1.1,23.46,0.62,26.07,0.80,27.79,1.15,29.16,0.71,-2.8,-1.493,0.39,3.10,-1.2
1995-01-01,1995,JAN,DJF 1995,1.0,25.04,0.52,26.17,0.50,27.32,0.75,28.76,0.54,-1.7,-1.726,0.20,3.60,-0.4
1995-02-01,1995,FEB,JFM 1995,0.7,26.17,0.07,26.75,0.37,27.37,0.64,28.80,0.71,-0.6,-1.911,0.68,1.59,-0.1
1995-03-01,1995,MAR,FMA 1995,0.5,26.30,-0.30,26.97,-0.20,27.53,0.30,28.81,0.59,0.0,-2.190,0.03,3.39,0.8
1995-04-01,1995,APR,MAM 1995,0.3,24.65,-1.08,27.00,-0.57,27.87,0.07,28.88,0.36,0.2,-2.296,0.04,1.19,-0.7
1995-05-01,1995,MAY,AMJ 1995,0.1,23.37,-1.24,26.40,-0.82,27.67,-0.21,29.05,0.26,0.2,-2.263,0.09,3.19,-0.4
1995-06-01,1995,JUN,MJJ 1995,0.0,22.44,-0.73,26.03,-0.61,27.35,-0.36,28.90,0.06,0.4,-2.004,0.90,6.51,0.1
1995-07-01,1995,JUL,JJA 1995,-0.2,21.34,-0.50,25.51,-0.36,27.09,-0.21,28.71,-0.08,0.4,-1.533,-0.74,10.54,0.4
1995-08-01,1995,AUG,JAS 1995,-0.5,20.14,-0.71,24.44,-0.78,26.33,-0.57,28.48,-0.21,0.7,-1.006,-0.33,8.19,0.3
1995-09-01,1995,SEP,ASO 1995,-0.8,20.23,-0.35,24.16,-0.85,26.10,-0.66,28.36,-0.32,0.4,-0.569,1.22,10.93,0.3
1995-10-01,1995,OCT,SON 1995,-1.0,20.05,-0.82,24.18,-0.90,25.82,-0.94,28.11,-0.57,0.9,-0.342,0.11,6.34,0.0
1995-11-01,1995,NOV,OND 1995,-1.0,21.53,-0.10,24.18,-1.01,25.81,-1.01,28.05,-0.63,0.8,-0.188,-0.73,5.31,0.0
1995-12-01,1995,DEC,NDJ 1995,-1.0,21.97,-0.86,24.31,-0.96,25.73,-0.91,27.96,-0.48,1.0,-0.028,0.62,9.99,-0.5
1996-01-01,1996,JAN,DJF 1996,-0.9,23.83,-0.69,24.96,-0.71,25.74,-0.83,27.75,-0.48,1.7,0.036,-0.68,5.79,1.0
1996-02-01,1996,FEB,JFM 1996,-0.8,25.60,-0.49,25.72,-0.66,25.96,-0.77,27.48,-0.62,1.6,-0.373,-0.70,6.01,0.3
1996-03-01,1996,MAR,FMA 1996,-0.6,26.15,-0.45,26.66,-0.50,26.58,-0.66,27.62,-0.61,1.1,-0.600,-0.75,1.35,1.1
1996-04-01,1996,APR,MAM 1996,-0.4,24.09,-1.64,26.63,-0.94,27.32,-0.49,28.01,-0.50,0.4,-0.911,0.51,5.00,0.8
1996-05-01,1996,MAY,AMJ 1996,-0.3,23.28,-1.34,26.36,-0.85,27.37,-0.51,28.41,-0.38,0.4,-1.525,0.37,4.71,0.3
1996-06-01,1996,JUN,MJJ 1996,-0.3,21.86,-1.31,25.87,-0.78,27.23,-0.48,28.45,-0.39,0.5,-1.984,-1.18,9.17,1.2
1996-07-01,1996,JUL,JJA 1996,-0.3,20.49,-1.34,25.22,-0.65,26.93,-0.37,28.37,-0.42,0.5,-2.020,0.18,7.57,0.7
1996-08-01,1996,AUG,JAS 1996,-0.3,19.75,-1.11,24.68,-0.54,26.59,-0.31,28.44,-0.26,0.5,-1.961,-0.93,5.57,0.7
1996-09-01,1996,SEP,ASO 1996,-0.4,19.50,-1.08,24.46,-0.55,26.41,-0.35,28.36,-0.32,0.6,-1.890,-0.27,5.86,0.6
1996-10-01,1996,OCT,SON 1996,-0.4,20.14,-0.73,24.40,-0.68,26.22,-0.55,28.34,-0.35,0.5,-1.730,-0.67,7.95,0.6
1996-11-01,1996,NOV,OND 1996,-0.5,20.34,-1.29,24.56,-0.64,26.39,-0.43,28.24,-0.43,0.5,-1.662,-0.44,10.17,-0.1
1996-12-01,1996,DEC,NDJ 1996,-0.5,21.67,-1.16,24.20,-1.06,26.04,-0.60,28.31,-0.14,0.7,-1.505,-1.53,4.57,0.9
1997-01-01,1997,JAN,DJF 1997,-0.5,23.58,-0.93,24.69,-0.98,25.95,-0.61,28.12,-0.10,0.5,-1.345,0.16,4.13,0.5
1997-02-01,1997,FEB,JFM 1997,-0.4,25.64,-0.45,25.66,-0.72,26.34,-0.39,28.22,0.12,0.5,-1.149,0.45,3.22,1.7
1997-03-01,1997,MAR,FMA 1997,-0.1,26.83,0.23,26.73,-0.44,26.88,-0.36,28.35,0.13,-1.0,-0.538,-1.56,3.02,-0.4
1997-04-01,1997,APR,MAM 1997,0.3,26.53,0.80,27.26,-0.31,27.70,-0.11,29.00,0.48,-1.2,0.297,0.29,0.76,-0.6
1997-05-01,1997,MAY,AMJ 1997,0.8,26.44,1.83,27.67,0.46,28.28,0.40,29.21,0.42,-1.7,1.055,0.77,4.18,-1.3
1997-06-01,1997,JUN,MJJ 1997,1.2,25.97,2.79,27.85,1.21,28.52,0.81,29.04,0.20,-0.9,1.783,-0.25,6.76,-1.4
1997-07-01,1997,JUL,JJA 1997,1.6,25.42,3.59,27.65,1.77,28.57,1.27,29.19,0.40,-1.5,2.510,0.10,10.18,-0.8
1997-08-01,1997,AUG,JAS 1997,1.9,24.57,3.71,27.54,2.32,28.58,1.68,29.03,0.33,-1.7,2.833,-0.55,3.94,-1.4
1997-09-01,1997,SEP,ASO 1997,2.1,24.21,3.63,27.53,2.52,28.60,1.84,29.23,0.56,-1.4,2.944,0.22,8.42,-1.4
1997-10-01,1997,OCT,SON 1997,2.3,24.44,3.57,27.78,2.69,28.73,1.96,28.99,0.30,-2.6,3.090,-0.12,6.67,-1.5
1997-11-01,1997,NOV,OND 1997,2.4,25.36,3.73,28.23,3.04,28.93,2.11,29.29,0.61,-0.6,3.037,0.86,3.54,-1.2
1997-12-01,1997,DEC,NDJ 1997,2.4,26.57,3.73,28.33,3.07,28.74,2.10,28.89,0.44,-1.5,2.858,0.85,2.25,-1.0
1998-01-01,1998,JAN,DJF 1998,2.2,27.40,2.88,28.42,2.75,28.59,2.03,28.67,0.44,-0.7,2.716,0.30,0.76,-2.7
1998-02-01,1998,FEB,JFM 1998,1.9,28.01,1.91,28.57,2.19,28.47,1.74,28.62,0.52,-0.3,2.870,0.89,0.18,-2.0
1998-03-01,1998,MAR,FMA 1998,1.4,28.51,1.91,28.81,1.64,28.42,1.18,28.49,0.27,0.1,3.045,0.69,0.15,-2.4
1998-04-01,1998,APR,MAM 1998,1.0,28.07,2.34,28.77,1.20,28.30,0.50,28.39,-0.12,1.0,2.983,0.85,0.04,-1.4
1998-05-01,1998,MAY,AMJ 1998,0.5,27.46,2.84,28.27,1.06,28.33,0.45,28.56,-0.23,-0.3,3.164,-1.87,1.50,0.3
1998-06-01,1998,JUN,MJJ 1998,-0.1,25.09,1.92,26.37,-0.27,26.96,-0.75,28.36,-0.48,-0.1,3.210,0.09,4.60,1.0
1998-07-01,1998,JUL,JJA 1998,-0.8,23.47,1.64,25.49,-0.38,26.15,-1.15,28.02,-0.77,0.5,2.762,1.67,6.19,1.2
1998-08-01,1998,AUG,JAS 1998,-1.1,21.98,1.12,24.78,-0.43,25.70,-1.20,27.79,-0.90,0.6,2.450,-0.60,6.54,1.2
1998-09-01,1998,SEP,ASO 1998,-1.3,21.11,0.53,24.38,-0.63,25.73,-1.03,27.91,-0.77,0.9,2.368,0.42,6.64,1.0
1998-10-01,1998,OCT,SON 1998,-1.4,21.66,0.79,24.18,-0.91,25.43,-1.34,27.27,-1.41,0.8,2.262,0.77,7.38,1.1
1998-11-01,1998,NOV,OND 1998,-1.5,21.45,-0.17,24.47,-0.73,25.51,-1.31,27.24,-1.43,1.0,2.225,0.70,10.05,1.0
1998-12-01,1998,DEC,NDJ 1998,-1.6,23.08,0.24,24.12,-1.15,24.91,-1.73,26.96,-1.48,1.3,2.475,-0.39,5.02,1.4
1999-01-01,1999,JAN,DJF 1999,-1.6,23.82,-0.69,24.52,-1.15,24.98,-1.58,26.55,-1.67,1.8,2.451,-0.44,9.82,1.8
1999-02-01,1999,FEB,JFM 1999,-1.3,25.67,-0.42,25.64,-0.74,25.63,-1.10,26.62,-1.48,1.3,2.095,-0.46,9.61,1.0
1999-03-01,1999,MAR,FMA 1999,-1.1,26.61,0.01,26.82,-0.35,26.34,-0.89,26.89,-1.34,1.5,1.700,0.38,6.38,1.3
1999-04-01,1999,APR,MAM 1999,-1.0,24.21,-1.52,26.74,-0.83,26.81,-0.99,27.22,-1.29,1.0,1.138,0.05,7.41,1.4
1999-05-01,1999,MAY,AMJ 1999,-1.0,23.79,-0.82,26.57,-0.64,26.96,-0.92,27.80,-0.99,0.7,0.449,-0.05,7.68,0.2
1999-06-01,1999,JUN,MJJ 1999,-1.0,22.35,-0.83,25.84,-0.80,26.62,-1.08,27.96,-0.89,0.5,-0.101,0.43,7.00,0.3
1999-07-01,1999,JUL,JJA 1999,-1.1,21.04,-0.79,25.01,-0.87,26.27,-1.03,27.70,-1.09,0.2,-0.311,-0.92,9.79,0.5
1999-08-01,1999,AUG,JAS 1999,-1.1,20.03,-0.83,24.26,-0.96,25.68,-1.22,27.74,-0.95,0.7,-0.369,1.95,10.26,0.4
1999-09-01,1999,SEP,ASO 1999,-1.2,19.64,-0.94,23.89,-1.12,25.73,-1.03,27.77,-0.91,1.0,-0.200,0.33,7.10,-0.1
1999-10-01,1999,OCT,SON 1999,-1.3,20.13,-0.74,23.75,-1.34,25.58,-1.19,27.84,-0.85,0.9,0.152,0.62,7.32,1.0
1999-11-01,1999,NOV,OND 1999,-1.5,20.66,-0.96,23.63,-1.57,25.19,-1.63,27.54,-1.13,0.7,0.477,0.45,9.01,1.0
1999-12-01,1999,DEC,NDJ 1999,-1.7,22.17,-0.67,23.68,-1.59,24.99,-1.65,27.21,-1.23,1.8,1.065,-0.09,9.24,1.4
2000-01-01,2000,JAN,DJF 2000,-1.7,23.93,-0.59,24.00,-1.67,24.80,-1.77,27.02,-1.20,1.7,1.452,-1.70,3.03,0.7
2000-02-01,2000,FEB,JFM 2000,-1.4,25.71,-0.39,25.38,-1.00,25.21,-1.52,26.69,-1.41,2.2,1.827,1.20,8.26,1.7
2000-03-01,2000,MAR,FMA 2000,-1.1,25.88,-0.72,26.56,-0.61,26.11,-1.13,26.73,-1.49,1.8,1.857,0.95,6.19,1.3
2000-04-01,2000,APR,MAM 2000,-0.8,25.94,0.21,27.38,-0.19,26.91,-0.90,27.29,-1.22,1.1,1.494,-0.58,3.78,1.2
2000-05-01,2000,MAY,AMJ 2000,-0.7,23.97,-0.64,26.66,-0.56,26.91,-0.97,27.65,-1.14,0.4,0.783,-0.16,5.98,0.4
2000-06-01,2000,JUN,MJJ 2000,-0.6,22.69,-0.49,25.91,-0.73,27.01,-0.70,28.30,-0.55,0.8,0.170,-1.19,11.62,-0.2
2000-07-01,2000,JUL,JJA 2000,-0.6,20.78,-1.05,25.07,-0.80,26.57,-0.73,28.21,-0.57,0.8,-0.465,-2.55,8.91,-0.2
2000-08-01,2000,AUG,JAS 2000,-0.5,19.85,-1.01,24.64,-0.58,26.39,-0.51,28.14,-0.55,-0.1,-0.707,-0.51,7.94,0.7
2000-09-01,2000,SEP,ASO 2000,-0.6,20.01,-0.57,24.55,-0.46,26.24,-0.52,28.34,-0.33,0.5,-0.798,-1.21,5.43,0.9
2000-10-01,2000,OCT,SON 2000,-0.6,20.38,-0.50,24.51,-0.57,26.06,-0.71,28.02,-0.66,0.4,-0.377,0.44,11.78,1.1
2000-11-01,2000,NOV,OND 2000,-0.8,20.65,-0.97,24.29,-0.91,25.92,-0.90,28.00,-0.67,0.7,-0.097,0.70,7.11,1.8
2000-12-01,2000,DEC,NDJ 2000,-0.7,22.43,-0.41,24.55,-0.72,25.59,-1.05,27.29,-1.16,1.0,0.362,0.92,6.24,0.8
2001-01-01,2001,JAN,DJF 2001,-0.7,24.15,-0.37,25.25,-0.43,25.81,-0.76,27.31,-0.91,1.5,0.785,1.29,3.54,1.0
2001-02-01,2001,FEB,JFM 2001,-0.5,25.71,-0.38,26.17,-0.21,26.18,-0.56,27.10,-0.99,0.6,1.250,-0.51,3.36,1.7
2001-03-01,2001,MAR,FMA 2001,-0.4,26.94,0.34,27.27,0.10,26.86,-0.37,27.50,-0.73,0.8,0.853,0.39,4.26,0.9
2001-04-01,2001,APR,MAM 2001,-0.3,26.26,0.53,27.35,-0.22,27.24,-0.56,27.91,-0.60,0.0,0.239,-0.70,1.86,0.2
2001-05-01,2001,MAY,AMJ 2001,-0.3,24.26,-0.35,26.99,-0.22,27.42,-0.46,28.38,-0.41,-0.2,-0.568,-0.01,7.32,-0.5
2001-06-01,2001,JUN,MJJ 2001,-0.1,22.49,-0.69,26.42,-0.23,27.55,-0.16,28.58,-0.27,0.0,-1.504,-0.89,9.57,0.3
2001-07-01,2001,JUL,JJA 2001,-0.1,21.25,-0.58,25.50,-0.37,27.19,-0.11,28.94,0.15,0.0,-2.452,-0.36,8.60,-0.2
2001-08-01,2001,AUG,JAS 2001,-0.1,20.31,-0.55,24.86,-0.35,26.81,-0.09,28.77,0.07,-0.4,-2.846,-0.14,5.31,-0.4
2001-09-01,2001,SEP,ASO 2001,-0.2,19.81,-0.77,24.51,-0.50,26.58,-0.19,29.06,0.39,0.3,-2.858,0.04,6.15,0.2
2001-10-01,2001,OCT,SON 2001,-0.3,19.80,-1.07,24.62,-0.47,26.52,-0.25,28.87,0.19,-0.1,-2.637,-0.08,8.96,0.0
2001-11-01,2001,NOV,OND 2001,-0.4,20.77,-0.85,24.35,-0.84,26.35,-0.48,28.79,0.12,-0.4,-2.674,1.03,17.91,0.7
2001-12-01,2001,DEC,NDJ 2001,-0.3,22.19,-0.64,24.68,-0.59,26.11,-0.53,28.36,-0.09,-1.8,-2.370,0.26,7.94,-0.8
2002-01-01,2002,JAN,DJF 2002,-0.2,23.94,-0.58,25.02,-0.65,26.36,-0.20,28.60,0.38,-0.2,-1.780,-0.70,3.39,0.4
2002-02-01,2002,FEB,JFM 2002,0.0,26.02,-0.07,26.03,-0.34,26.76,0.03,28.42,0.32,-1.2,-1.343,-0.11,3.99,1.1
2002-03-01,2002,MAR,FMA 2002,0.1,27.29,0.69,27.22,0.06,27.17,-0.06,28.29,0.06,-1.0,-1.287,-1.56,2.18,-0.2
2002-04-01,2002,APR,MAM 2002,0.2,26.39,0.66,27.45,-0.12,27.84,0.03,28.88,0.37,0.3,-1.326,-2.40,2.83,-0.1
2002-05-01,2002,MAY,AMJ 2002,0.4,25.35,0.74,27.38,0.16,28.07,0.19,29.29,0.50,0.1,-1.663,-0.56,3.70,-0.8
2002-06-01,2002,JUN,MJJ 2002,0.7,23.30,0.12,27.13,0.48,28.31,0.60,29.34,0.50,-0.7,-2.335,0.06,14.13,-0.2
2002-07-01,2002,JUL,JJA 2002,0.8,21.86,0.02,26.17,0.30,27.88,0.58,29.24,0.46,0.2,-2.871,0.40,6.91,-0.5
2002-08-01,2002,AUG,JAS 2002,0.9,20.71,-0.15,25.53,0.31,27.56,0.66,29.23,0.54,-1.6,-3.001,0.61,7.27,-1.0
2002-09-01,2002,SEP,ASO 2002,1.0,20.80,0.22,25.68,0.67,27.61,0.85,29.24,0.56,-1.9,-2.878,0.60,10.37,-0.6
2002-10-01,2002,OCT,SON 2002,1.2,21.64,0.77,25.75,0.66,27.79,1.02,29.25,0.57,-1.5,-2.546,-0.55,7.27,-0.4
2002-11-01,2002,NOV,OND 2002,1.3,22.81,1.19,26.29,1.09,28.03,1.20,29.50,0.83,-1.8,-2.413,1.46,4.66,-0.5
2002-12-01,2002,DEC,NDJ 2002,1.1,23.73,0.89,26.42,1.15,27.94,1.30,29.28,0.83,-1.6,-2.311,1.28,2.69,-1.1
2003-01-01,2003,JAN,DJF 2003,0.9,24.47,-0.05,26.34,0.67,27.45,0.88,28.86,0.64,-2.3,-2.523,1.01,4.51,-0.2
2003-02-01,2003,FEB,JFM 2003,0.6,26.14,0.04,26.78,0.40,27.39,0.65,28.71,0.61,-1.1,-2.644,0.68,2.45,-0.7
2003-03-01,2003,MAR,FMA 2003,0.4,26.66,0.06,27.31,0.15,27.73,0.50,28.83,0.61,-0.8,-2.910,-0.36,0.72,-0.3
2003-04-01,2003,APR,MAM 2003,0.0,24.96,-0.77,27.21,-0.36,27.67,-0.14,28.67,0.16,0.3,-2.995,-0.10,0.61,-0.1
2003-05-01,2003,MAY,AMJ 2003,-0.3,22.87,-1.74,26.30,-0.91,27.28,-0.60,28.59,-0.20,0.1,-3.040,-1.85,5.86,-0.3
2003-06-01,2003,JUN,MJJ 2003,-0.2,22.23,-0.95,26.06,-0.59,27.37,-0.34,28.86,0.02,0.8,-2.895,-0.53,8.85,-0.6
2003-07-01,2003,JUL,JJA 2003,0.1,21.39,-0.44,25.85,-0.02,27.34,0.04,28.93,0.14,-0.2,-2.723,0.73,13.81,0.3
2003-08-01,2003,AUG,JAS 2003,0.2,21.04,0.18,25.38,0.16,26.94,0.04,28.83,0.14,0.5,-2.412,-0.31,7.97,0.1
2003-09-01,2003,SEP,ASO 2003,0.3,20.31,-0.27,25.11,0.10,26.94,0.18,28.81,0.14,0.0,-2.082,0.59,9.20,-0.1
2003-10-01,2003,OCT,SON 2003,0.3,21.14,0.27,25.50,0.42,27.19,0.42,29.12,0.44,0.0,-1.738,1.23,8.79,0.0
2003-11-01,2003,NOV,OND 2003,0.4,22.07,0.44,25.52,0.32,27.03,0.21,29.08,0.41,0.5,-1.596,-1.65,4.32,-0.3
2003-12-01,2003,DEC,NDJ 2003,0.4,23.31,0.47,25.94,0.68,26.98,0.34,28.75,0.30,-0.1,-1.522,0.56,12.99,1.1
2004-01-01,2004,JAN,DJF 2004,0.4,24.79,0.28,26.14,0.47,26.78,0.22,28.54,0.31,-0.9,-1.600,-0.12,2.50,-1.3
2004-02-01,2004,FEB,JFM 2004,0.3,26.22,0.12,26.64,0.26,26.90,0.16,28.37,0.27,0.4,-1.571,1.12,5.05,1.2
2004-03-01,2004,MAR,FMA 2004,0.2,25.82,-0.78,27.11,-0.05,27.05,-0.18,28.30,0.08,-0.5,-1.913,0.00,2.73,0.4
2004-04-01,2004,APR,MAM 2004,0.2,25.71,-0.02,27.42,-0.15,27.76,-0.04,28.58,0.06,-0.8,-2.272,0.25,1.21,-0.9
2004-05-01,2004,MAY,AMJ 2004,0.2,23.65,-0.97,26.77,-0.44,27.95,0.07,28.95,0.15,0.3,-2.637,-1.46,6.17,1.0
2004-06-01,2004,JUN,MJJ 2004,0.3,22.24,-0.94,26.40,-0.24,27.70,0.00,28.91,0.07,-1.1,-2.999,-0.28,8.31,-0.8
2004-07-01,2004,JUL,JJA 2004,0.5,21.08,-0.75,25.91,0.04,27.76,0.47,29.14,0.35,0.1,-3.376,-0.33,6.85,-0.5
2004-08-01,2004,AUG,JAS 2004,0.6,20.23,-0.63,25.31,0.09,27.51,0.61,29.10,0.40,-0.4,-3.253,1.52,4.00,-0.3
2004-09-01,2004,SEP,ASO 2004,0.7,20.25,-0.33,25.27,0.26,27.43,0.67,29.32,0.65,-0.3,-2.993,-0.11,5.33,-0.3
2004-10-01,2004,OCT,SON 2004,0.7,21.21,0.34,25.50,0.41,27.41,0.64,29.35,0.67,-0.3,-2.731,-1.37,6.72,-0.1
2004-11-01,2004,NOV,OND 2004,0.7,22.51,0.89,25.75,0.55,27.41,0.59,29.31,0.64,-0.8,-2.505,0.29,3.18,-0.7
2004-12-01,2004,DEC,NDJ 2004,0.7,22.99,0.15,25.83,0.56,27.28,0.63,29.13,0.68,-0.1,-2.393,-0.04,3.93,-0.8
2005-01-01,2005,JAN,DJF 2005,0.6,24.64,0.13,25.96,0.28,27.18,0.61,29.11,0.89,-0.1,-2.598,-0.62,2.13,0.3
2005-02-01,2005,FEB,JFM 2005,0.6,25.52,-0.58,26.25,-0.13,26.97,0.24,28.71,0.61,-2.2,-2.605,-0.11,0.50,-3.1
2005-03-01,2005,MAR,FMA 2005,0.5,25.23,-1.37,26.93,-0.23,27.50,0.27,28.74,0.51,0.0,-2.408,0.56,3.00,0.3
2005-04-01,2005,APR,MAM 2005,0.4,25.12,-0.61,27.57,0.00,27.93,0.13,28.80,0.29,-0.5,-2.383,1.00,0.69,-0.6
2005-05-01,2005,MAY,AMJ 2005,0.3,24.58,-0.04,27.40,0.19,28.10,0.22,29.00,0.21,-0.2,-2.284,1.62,4.35,-0.8
2005-06-01,2005,JUN,MJJ 2005,0.1,22.51,-0.67,26.76,0.11,27.91,0.20,29.07,0.23,0.1,-1.897,0.42,7.58,0.4
2005-07-01,2005,JUL,JJA 2005,-0.1,21.43,-0.40,25.98,0.11,27.37,0.08,28.92,0.13,-0.6,-1.885,-0.02,8.37,0.2
2005-08-01,2005,AUG,JAS 2005,-0.1,20.29,-0.57,25.44,0.22,26.96,0.06,28.71,0.02,0.3,-2.124,0.69,8.77,-0.3
2005-09-01,2005,SEP,ASO 2005,-0.1,19.90,-0.68,24.80,-0.21,26.64,-0.12,28.64,-0.04,-0.1,-1.999,1.32,8.86,0.4
2005-10-01,2005,OCT,SON 2005,-0.3,19.76,-1.11,24.77,-0.32,26.70,-0.07,28.74,0.06,0.0,-1.668,1.16,7.41,1.2
2005-11-01,2005,NOV,OND 2005,-0.6,20.36,-1.27,24.22,-0.98,26.29,-0.54,28.56,-0.12,0.4,-1.264,-0.74,5.00,-0.2
2005-12-01,2005,DEC,NDJ 2005,-0.8,22.12,-0.71,24.05,-1.21,25.84,-0.80,28.26,-0.18,0.8,-0.475,1.07,13.08,0.0
2006-01-01,2006,JAN,DJF 2006,-0.9,24.41,-0.11,24.85,-0.82,25.64,-0.93,27.66,-0.56,0.8,0.151,-0.10,4.73,1.7
2006-02-01,2006,FEB,JFM 2006,-0.8,26.68,0.58,26.11,-0.27,26.06,-0.67,27.37,-0.73,0.4,0.067,-0.44,6.96,0.1
2006-03-01,2006,MAR,FMA 2006,-0.6,26.32,-0.28,26.59,-0.57,26.57,-0.66,27.74,-0.49,1.1,-0.099,-0.56,3.62,1.8
2006-04-01,2006,APR,MAM 2006,-0.4,24.52,-1.21,27.27,-0.30,27.52,-0.28,28.17,-0.34,0.3,-0.601,0.20,3.08,1.1
2006-05-01,2006,MAY,AMJ 2006,-0.1,24.17,-0.44,27.16,-0.05,27.82,-0.06,28.65,-0.14,0.7,-1.170,-1.03,3.33,-0.5
2006-06-01,2006,JUN,MJJ 2006,0.0,22.90,-0.27,26.65,0.00,27.79,0.08,29.00,0.16,-0.4,-1.501,-1.02,8.72,-0.2
2006-07-01,2006,JUL,JJA 2006,0.1,22.00,0.17,25.85,-0.02,27.28,-0.01,28.93,0.14,0.0,-1.289,1.29,6.26,-0.6
2006-08-01,2006,AUG,JAS 2006,0.3,21.61,0.75,25.61,0.39,27.23,0.33,29.11,0.42,-0.5,-1.087,-1.45,6.47,-1.0
2006-09-01,2006,SEP,ASO 2006,0.5,21.73,1.15,25.81,0.80,27.29,0.53,29.33,0.66,-0.5,-0.991,0.31,7.21,-0.6
2006-10-01,2006,OCT,SON 2006,0.8,22.48,1.60,25.88,0.79,27.42,0.65,29.32,0.63,-1.0,-1.131,-0.76,8.26,-1.3
2006-11-01,2006,NOV,OND 2006,0.9,22.82,1.20,26.08,0.88,27.67,0.85,29.51,0.84,-0.7,-1.184,-1.34,5.16,0.1
2006-12-01,2006,DEC,NDJ 2006,0.9,23.95,1.11,26.41,1.14,27.74,1.10,29.35,0.90,-0.8,-1.204,1.55,5.27,-0.3
2007-01-01,2007,JAN,DJF 2007,0.7,25.13,0.61,26.61,0.94,27.31,0.75,28.92,0.69,-1.4,-1.594,0.27,7.36,-0.8
2007-02-01,2007,FEB,JFM 2007,0.2,26.26,0.16,26.52,0.14,26.84,0.11,28.61,0.52,-0.1,-1.834,-0.42,1.56,-0.1
2007-03-01,2007,MAR,FMA 2007,-0.1,26.28,-0.33,26.71,-0.46,27.16,-0.08,28.63,0.40,0.4,-2.022,-0.12,0.83,0.2
2007-04-01,2007,APR,MAM 2007,-0.3,25.19,-0.54,27.26,-0.31,27.70,-0.10,28.66,0.15,-0.1,-2.341,0.97,2.26,-0.1
2007-05-01,2007,MAY,AMJ 2007,-0.4,23.49,-1.12,26.42,-0.79,27.45,-0.43,28.65,-0.14,0.1,-2.655,0.03,4.50,-0.1
2007-06-01,2007,JUN,MJJ 2007,-0.5,22.34,-0.83,26.19,-0.46,27.57,-0.14,28.73,-0.11,0.4,-2.697,-0.30,10.41,0.5
2007-07-01,2007,JUL,JJA 2007,-0.6,21.18,-0.65,25.24,-0.63,26.89,-0.41,28.55,-0.24,0.7,-2.565,1.65,8.98,-0.3
2007-08-01,2007,AUG,JAS 2007,-0.8,19.89,-0.97,24.20,-1.02,26.32,-0.58,28.53,-0.17,0.4,-2.305,1.96,7.12,0.4
2007-09-01,2007,SEP,ASO 2007,-1.1,19.51,-1.07,23.99,-1.02,25.90,-0.86,28.16,-0.52,0.5,-1.865,1.52,7.19,0.2
2007-10-01,2007,OCT,SON 2007,-1.3,19.28,-1.59,23.80,-1.29,25.58,-1.19,28.05,-0.63,1.0,-1.291,0.77,7.54,0.7
2007-11-01,2007,NOV,OND 2007,-1.5,19.72,-1.90,23.66,-1.54,25.40,-1.42,27.57,-1.10,0.2,-0.302,0.65,9.26,0.9
2007-12-01,2007,DEC,NDJ 2007,-1.6,21.12,-1.72,23.91,-1.36,25.47,-1.18,27.65,-0.80,1.5,0.850,-0.16,5.72,1.7
2008-01-01,2008,JAN,DJF 2008,-1.6,24.26,-0.26,24.32,-1.35,24.97,-1.59,26.78,-1.44,0.6,1.836,-1.06,9.25,1.8
2008-02-01,2008,FEB,JFM 2008,-1.5,26.36,0.27,25.30,-1.08,25.25,-1.49,26.71,-1.39,2.1,2.404,0.37,6.50,2.6
2008-03-01,2008,MAR,FMA 2008,-1.3,27.12,0.52,26.69,-0.47,26.30,-0.94,27.14,-1.09,1.9,2.671,-0.61,5.74,1.4
2008-04-01,2008,APR,MAM 2008,-1.0,26.05,0.32,27.28,-0.29,26.95,-0.85,27.57,-0.94,1.2,2.493,-1.18,6.87,0.7
2008-05-01,2008,MAY,AMJ 2008,-0.8,24.69,0.07,27.18,-0.03,27.19,-0.69,27.90,-0.90,0.9,2.015,1.25,8.09,-0.1
2008-06-01,2008,JUN,MJJ 2008,-0.6,23.62,0.44,26.52,-0.12,27.07,-0.64,27.99,-0.85,0.3,1.613,-1.76,10.72,0.6
2008-07-01,2008,JUL,JJA 2008,-0.4,22.74,0.90,26.12,0.25,27.03,-0.27,28.11,-0.68,0.5,1.429,-0.51,7.45,0.3
2008-08-01,2008,AUG,JAS 2008,-0.2,22.04,1.18,25.79,0.57,26.83,-0.07,28.02,-0.68,0.3,1.173,0.89,8.44,1.0
2008-09-01,2008,SEP,ASO 2008,-0.2,21.70,1.12,25.35,0.34,26.52,-0.24,28.09,-0.58,0.1,0.955,0.89,9.72,1.2
2008-10-01,2008,OCT,SON 2008,-0.4,21.32,0.45,25.32,0.23,26.57,-0.20,28.25,-0.43,0.7,0.839,1.11,8.37,1.3
2008-11-01,2008,NOV,OND 2008,-0.6,21.63,0.00,25.15,-0.05,26.47,-0.35,28.17,-0.50,0.5,0.787,1.05,7.55,1.3
2008-12-01,2008,DEC,NDJ 2008,-0.7,22.58,-0.26,24.64,-0.63,25.83,-0.82,27.68,-0.77,1.6,0.779,-1.71,7.56,1.4
2009-01-01,2009,JAN,DJF 2009,-0.9,24.36,-0.16,25.32,-0.35,25.76,-0.80,27.38,-0.84,1.3,0.793,0.13,9.85,1.1
2009-02-01,2009,FEB,JFM 2009,-0.8,25.86,-0.24,25.96,-0.42,26.13,-0.60,27.41,-0.69,1.3,0.753,-1.57,9.09,1.9
2009-03-01,2009,MAR,FMA 2009,-0.6,26.11,-0.49,26.51,-0.65,26.61,-0.62,27.69,-0.54,0.9,0.514,-1.29,3.53,0.4
2009-04-01,2009,APR,MAM 2009,-0.3,26.07,0.34,27.53,-0.04,27.65,-0.16,28.30,-0.21,0.7,0.107,-0.04,6.95,0.8
2009-05-01,2009,MAY,AMJ 2009,0.0,25.11,0.50,27.59,0.38,28.06,0.18,28.82,0.03,0.6,-0.284,-0.43,8.07,-0.1
2009-06-01,2009,JUN,MJJ 2009,0.3,23.90,0.73,27.28,0.63,28.13,0.42,28.96,0.12,NAN,-0.476,0.48,7.90,0.1
2009-07-01,2009,JUL,JJA 2009,0.5,22.82,0.98,26.66,0.79,27.83,0.53,29.06,0.27,NAN,-0.848,0.72,10.05,0.2
2009-08-01,2009,AUG,JAS 2009,0.6,21.66,0.80,26.05,0.83,27.59,0.69,29.17,0.47,NAN,-1.309,0.62,4.95,-0.2
2009-09-01,2009,SEP,ASO 2009,0.7,21.21,0.63,25.83,0.82,27.48,0.71,29.04,0.37,NAN,-1.687,1.03,7.31,0.3
2009-10-01,2009,OCT,SON 2009,1.0,21.12,0.25,25.84,0.75,27.69,0.92,29.54,0.86,NAN,-2.025,0.64,4.75,-1.2
2009-11-01,2009,NOV,OND 2009,1.4,21.87,0.25,26.27,1.07,28.25,1.43,29.84,1.17,0.0,-2.418,0.19,10.24,-0.6
2009-12-01,2009,DEC,NDJ 2009,1.6,23.46,0.62,26.67,1.41,28.33,1.68,29.62,1.17,-2.6,-2.571,0.04,2.79,-0.7
2010-01-01,2010,JAN,DJF 2010,1.5,24.52,0.00,26.73,1.06,28.10,1.53,29.39,1.16,-2.1,-2.649,0.96,6.03,-1.1
2010-02-01,2010,FEB,JFM 2010,1.2,25.79,-0.30,27.12,0.74,27.92,1.19,29.01,0.92,-2.3,-2.398,0.48,0.78,-1.5
2010-03-01,2010,MAR,FMA 2010,0.8,26.50,-0.10,27.88,0.72,28.34,1.11,29.10,0.87,-1.5,-2.127,1.68,0.86,-0.7
2010-04-01,2010,APR,MAM 2010,0.4,26.35,0.62,28.12,0.55,28.40,0.59,29.21,0.70,-0.3,-1.750,1.26,1.86,1.2
2010-05-01,2010,MAY,AMJ 2010,-0.2,24.75,0.13,27.13,-0.09,27.77,-0.11,29.00,0.21,0.6,-1.548,-0.73,3.28,0.9
2010-06-01,2010,JUN,MJJ 2010,-0.7,23.36,0.18,26.08,-0.56,27.16,-0.55,28.58,-0.26,1.0,-0.957,-0.10,7.50,0.4
2010-07-01,2010,JUL,JJA 2010,-1.1,20.76,-1.07,25.00,-0.87,26.38,-0.92,28.13,-0.66,0.8,-0.564,0.89,9.38,1.8
2010-08-01,2010,AUG,JAS 2010,-1.4,19.93,-0.92,24.23,-0.99,25.69,-1.21,27.56,-1.13,1.0,-0.218,1.07,9.87,1.8
2010-09-01,2010,SEP,ASO 2010,-1.6,19.23,-1.35,24.07,-0.94,25.46,-1.31,27.20,-1.47,1.3,0.113,1.07,9.07,2.2
2010-10-01,2010,OCT,SON 2010,-1.6,19.46,-1.41,23.72,-1.36,25.36,-1.41,27.33,-1.35,1.3,0.681,2.15,11.20,1.7
2010-11-01,2010,NOV,OND 2010,-1.6,20.30,-1.32,23.95,-1.25,25.38,-1.44,27.24,-1.43,1.5,1.167,-0.81,7.30,1.3
2010-12-01,2010,DEC,NDJ 2010,-1.6,21.64,-1.20,23.98,-1.29,25.44,-1.21,27.31,-1.14,2.2,1.530,-2.08,8.91,2.9
2011-01-01,2011,JAN,DJF 2011,-1.4,23.89,-0.62,24.40,-1.28,25.09,-1.48,27.04,-1.18,2.0,1.523,1.00,14.63,2.3
2011-02-01,2011,FEB,JFM 2011,-1.2,26.11,0.01,25.58,-0.80,25.55,-1.19,27.03,-1.07,2.3,1.577,-2.41,8.89,2.7
2011-03-01,2011,MAR,FMA 2011,-0.9,26.10,-0.50,26.37,-0.80,26.40,-0.83,27.73,-0.50,1.7,1.546,0.38,8.91,2.5
2011-04-01,2011,APR,MAM 2011,-0.7,25.61,-0.12,27.20,-0.37,27.05,-0.76,27.76,-0.75,1.1,1.271,-1.78,1.82,1.9
2011-05-01,2011,MAY,AMJ 2011,-0.6,24.78,0.16,26.94,-0.28,27.49,-0.39,28.37,-0.42,0.3,0.844,0.25,6.94,0.4
2011-06-01,2011,JUN,MJJ 2011,-0.4,23.42,0.25,26.59,-0.05,27.40,-0.31,28.36,-0.49,-0.1,0.675,0.35,10.06,0.2
2011-07-01,2011,JUL,JJA 2011,-0.5,22.12,0.29,25.88,0.01,27.11,-0.19,28.38,-0.40,0.0,0.387,-0.75,8.88,1.0
2011-08-01,2011,AUG,JAS 2011,-0.6,20.80,-0.06,24.88,-0.34,26.48,-0.42,28.46,-0.23,0.2,0.168,1.40,8.28,0.4
2011-09-01,2011,SEP,ASO 2011,-0.8,19.88,-0.70,24.44,-0.57,26.09,-0.67,28.11,-0.57,0.2,-0.029,-0.39,7.14,1.0
2011-10-01,2011,OCT,SON 2011,-1.0,19.95,-0.93,24.35,-0.74,26.06,-0.71,27.99,-0.69,0.9,0.070,0.86,9.31,0.8
2011-11-01,2011,NOV,OND 2011,-1.1,20.96,-0.67,24.18,-1.02,25.85,-0.98,27.87,-0.81,0.8,0.363,-0.76,7.88,1.1
2011-12-01,2011,DEC,NDJ 2011,-1.0,22.18,-0.65,24.35,-0.92,25.66,-0.99,27.44,-1.01,1.5,0.844,0.06,11.60,2.5
2012-01-01,2012,JAN,DJF 2012,-0.9,23.91,-0.61,25.20,-0.48,25.91,-0.65,27.31,-0.92,1.7,1.082,0.13,5.08,1.1
2012-02-01,2012,FEB,JFM 2012,-0.7,25.95,-0.15,26.13,-0.25,26.18,-0.55,27.47,-0.63,1.9,1.479,0.70,8.71,0.5
2012-03-01,2012,MAR,FMA 2012,-0.6,26.52,-0.08,27.04,-0.12,26.79,-0.44,27.55,-0.68,0.9,1.613,-0.19,5.10,0.7
2012-04-01,2012,APR,MAM 2012,-0.5,26.55,0.82,27.49,-0.09,27.29,-0.51,27.98,-0.53,0.1,1.596,-0.09,4.89,-0.3
2012-05-01,2012,MAY,AMJ 2012,-0.3,25.42,0.81,27.26,0.05,27.69,-0.19,28.37,-0.42,0.0,1.191,-0.29,5.34,0.0
2012-06-01,2012,JUN,MJJ 2012,0.0,24.49,1.31,27.19,0.55,27.95,0.24,28.50,-0.34,0.1,0.601,-0.42,7.08,-0.4
2012-07-01,2012,JUL,JJA 2012,0.3,22.13,0.30,26.47,0.60,27.57,0.27,28.54,-0.25,-0.8,-0.046,-0.57,11.37,0.0
2012-08-01,2012,AUG,JAS 2012,0.4,20.95,0.09,25.92,0.70,27.58,0.68,28.78,0.09,0.1,-0.718,-0.20,4.45,-0.2
2012-09-01,2012,SEP,ASO 2012,0.4,21.13,0.55,25.41,0.40,27.20,0.44,28.80,0.12,-0.5,-1.412,-0.39,10.36,0.2
2012-10-01,2012,OCT,SON 2012,0.3,20.42,-0.46,25.11,0.02,27.13,0.36,29.03,0.34,-0.4,-1.740,-1.13,8.46,0.3
2012-11-01,2012,NOV,OND 2012,0.1,21.52,-0.10,25.44,0.24,27.32,0.50,29.04,0.37,-0.2,-1.626,-1.06,5.16,0.3
2012-12-01,2012,DEC,NDJ 2012,-0.2,22.39,-0.45,24.61,-0.65,26.18,-0.47,28.45,0.01,0.5,-1.515,-1.31,6.64,-0.6
2013-01-01,2013,JAN,DJF 2013,-0.4,24.37,-0.14,25.00,-0.67,26.09,-0.48,28.14,-0.08,-0.3,-1.149,0.05,10.60,-0.1
2013-02-01,2013,FEB,JFM 2013,-0.4,25.98,-0.11,25.83,-0.55,26.25,-0.48,28.19,0.09,0.1,-0.999,0.30,7.15,-0.2
2013-03-01,2013,MAR,FMA 2013,-0.3,26.11,-0.49,27.20,0.04,27.02,-0.22,27.74,-0.49,-0.2,-1.167,-0.26,2.44,1.5
2013-04-01,2013,APR,MAM 2013,-0.3,24.65,-1.08,27.59,0.02,27.92,0.11,28.36,-0.15,0.6,-1.528,-1.76,3.24,0.2
2013-05-01,2013,MAY,AMJ 2013,-0.4,23.24,-1.37,26.52,-0.69,27.58,-0.30,28.57,-0.22,0.6,-1.929,-0.24,4.76,0.8
2013-06-01,2013,JUN,MJJ 2013,-0.4,21.27,-1.90,25.84,-0.80,27.37,-0.34,28.57,-0.27,0.4,-2.379,-0.35,9.03,1.2
2013-07-01,2013,JUL,JJA 2013,-0.4,20.02,-1.81,25.30,-0.57,27.04,-0.26,28.61,-0.17,0.6,-2.398,-0.71,10.61,0.8
2013-08-01,2013,AUG,JAS 2013,-0.3,19.83,-1.03,24.50,-0.72,26.43,-0.47,28.50,-0.19,0.8,-2.185,-0.06,9.06,0.2
2013-09-01,2013,SEP,ASO 2013,-0.3,19.81,-0.77,24.96,-0.05,26.82,0.05,28.74,0.06,0.3,-1.936,0.41,4.90,0.3
2013-10-01,2013,OCT,SON 2013,-0.2,20.20,-0.67,25.04,-0.05,26.62,-0.15,28.80,0.12,0.1,-1.583,-0.21,9.00,-0.1
2013-11-01,2013,NOV,OND 2013,-0.2,20.98,-0.64,24.97,-0.23,26.73,-0.09,28.81,0.14,0.5,-1.043,-1.14,10.86,0.7
2013-12-01,2013,DEC,NDJ 2013,-0.3,22.83,-0.01,25.29,0.03,26.47,-0.18,28.15,-0.30,0.7,-1.077,-1.16,4.43,0.1
2014-01-01,2014,JAN,DJF 2014,-0.4,24.71,0.19,25.47,-0.20,26.07,-0.49,27.91,-0.32,0.2,-1.358,0.59,13.88,1.4
2014-02-01,2014,FEB,JFM 2014,-0.5,25.18,-0.92,25.63,-0.75,25.89,-0.85,27.93,-0.16,0.2,-1.503,-1.57,2.86,0.1
2014-03-01,2014,MAR,FMA 2014,-0.3,25.81,-0.79,27.11,-0.05,26.89,-0.34,28.28,0.05,-1.1,-1.408,-0.50,5.52,-0.9
2014-04-01,2014,APR,MAM 2014,0.0,25.38,-0.35,27.74,0.17,27.99,0.18,28.83,0.32,-1.0,-1.483,0.00,2.00,0.8
2014-05-01,2014,MAY,AMJ 2014,0.2,25.18,0.57,27.80,0.59,28.33,0.45,29.27,0.48,-0.1,-1.122,-0.59,4.52,0.5
2014-06-01,2014,JUN,MJJ 2014,0.2,24.39,1.22,27.58,0.93,28.18,0.47,29.07,0.22,-0.7,-0.636,-1.44,7.44,0.2
2014-07-01,2014,JUL,JJA 2014,0.1,23.19,1.36,26.35,0.48,27.27,-0.03,28.83,0.04,-0.2,-0.406,0.50,8.83,-0.2
2014-08-01,2014,AUG,JAS 2014,0.1,21.88,1.02,25.54,0.32,26.89,-0.01,28.97,0.28,0.3,-0.499,1.35,7.86,-0.7
2014-09-01,2014,SEP,ASO 2014,0.2,21.32,0.74,25.35,0.34,27.07,0.31,29.21,0.53,0.0,-0.813,0.78,7.70,-0.7
2014-10-01,2014,OCT,SON 2014,0.5,21.26,0.39,25.71,0.63,27.20,0.43,29.15,0.47,-0.2,-1.238,1.14,8.02,-0.6
2014-11-01,2014,NOV,OND 2014,0.6,22.36,0.74,26.08,0.88,27.57,0.75,29.40,0.73,0.2,-1.715,0.64,8.39,-0.9
2014-12-01,2014,DEC,NDJ 2014,0.7,22.73,-0.11,26.03,0.77,27.28,0.63,29.20,0.75,0.0,-2.117,0.37,8.93,-0.6
2015-01-01,2015,JAN,DJF 2015,0.6,24.58,0.06,26.21,0.54,27.07,0.51,28.92,0.70,0.1,-2.476,0.14,3.82,-0.8
2015-02-01,2015,FEB,JFM 2015,0.5,25.53,-0.57,26.75,0.37,27.48,0.75,29.06,0.96,-0.1,-2.435,0.49,1.03,0.2
2015-03-01,2015,MAR,FMA 2015,0.5,26.73,0.13,27.29,0.12,27.68,0.44,29.17,0.94,-1.9,-1.984,-0.52,0.26,-0.7
2015-04-01,2015,APR,MAM 2015,0.7,26.69,0.96,28.33,0.76,28.63,0.82,29.62,1.10,-1.0,-1.434,-0.39,1.09,0.0
2015-05-01,2015,MAY,AMJ 2015,0.9,25.95,1.34,28.07,0.86,28.71,0.83,29.68,0.89,-0.9,-0.702,-0.05,0.77,-0.7
2015-06-01,2015,JUN,MJJ 2015,1.2,25.09,1.91,27.90,1.26,28.73,1.02,29.74,0.90,-1.4,-0.198,-0.07,7.08,-0.6
2015-07-01,2015,JUL,JJA 2015,1.5,24.31,2.48,27.58,1.71,28.56,1.26,29.68,0.89,-0.4,0.100,0.29,4.21,-1.1
2015-08-01,2015,AUG,JAS 2015,1.9,22.66,1.80,27.06,1.84,28.55,1.65,29.42,0.73,-1.5,0.112,0.05,4.49,-1.4
2015-09-01,2015,SEP,ASO 2015,2.2,22.84,2.26,27.10,2.09,28.55,1.79,29.46,0.79,-1.7,-0.139,-0.80,9.77,-1.6
2015-10-01,2015,OCT,SON 2015,2.4,23.07,2.20,27.46,2.38,28.98,2.21,29.63,0.95,-1.5,-0.404,2.12,3.49,-1.7
2015-11-01,2015,NOV,OND 2015,2.6,23.67,2.04,27.90,2.70,29.54,2.72,30.22,1.55,-1.5,-0.676,-0.20,5.71,-0.5
2015-12-01,2015,DEC,NDJ 2015,2.6,24.94,2.10,27.84,2.57,29.03,2.39,29.84,1.40,-2.7,-1.188,0.47,2.66,-0.6
2016-01-01,2016,JAN,DJF 2016,2.5,25.72,1.21,28.16,2.49,29.04,2.47,29.49,1.26,-2.0,-1.630,1.94,0.89,-2.2
2016-02-01,2016,FEB,JFM 2016,2.1,27.10,1.01,28.31,1.93,28.97,2.23,29.47,1.37,-2.4,-1.802,1.68,0.49,-2.0
2016-03-01,2016,MAR,FMA 2016,1.6,27.72,1.11,28.69,1.53,28.85,1.61,29.42,1.20,-1.6,-1.946,0.41,0.05,-0.1
2016-04-01,2016,APR,MAM 2016,0.9,26.18,0.45,28.27,0.70,28.79,0.98,29.26,0.75,-0.9,-1.978,0.60,0.75,-1.2
2016-05-01,2016,MAY,AMJ 2016,0.4,25.06,0.44,27.18,-0.03,28.15,0.27,29.35,0.56,-0.2,-1.763,-0.85,4.35,0.4
2016-06-01,2016,JUN,MJJ 2016,-0.1,23.54,0.37,26.62,-0.02,27.73,0.02,29.26,0.41,0.1,-1.441,-0.64,8.35,0.6
2016-07-01,2016,JUL,JJA 2016,-0.4,22.22,0.39,25.41,-0.47,26.88,-0.42,28.94,0.15,0.4,-0.968,0.53,7.61,0.4
2016-08-01,2016,AUG,JAS 2016,-0.5,21.26,0.40,24.79,-0.43,26.41,-0.49,28.69,-0.01,0.7,-0.508,-0.91,6.02,0.7
2016-09-01,2016,SEP,ASO 2016,-0.6,21.17,0.59,24.91,-0.10,26.34,-0.43,28.51,-0.16,0.7,-0.101,0.11,6.19,1.2
2016-10-01,2016,OCT,SON 2016,-0.7,21.35,0.48,24.61,-0.48,26.07,-0.70,28.28,-0.40,0.9,0.324,1.53,9.74,-0.3
2016-11-01,2016,NOV,OND 2016,-0.7,21.88,0.26,24.69,-0.51,26.18,-0.64,28.27,-0.41,1.2,0.690,1.44,7.54,-0.1
2016-12-01,2016,DEC,NDJ 2016,-0.6,23.26,0.42,24.98,-0.28,26.31,-0.33,28.38,-0.06,1.2,1.097,-0.65,7.79,0.3
2017-01-01,2017,JAN,DJF 2017,-0.3,25.58,1.07,25.64,-0.03,26.30,-0.26,28.15,-0.07,0.9,1.447,-0.29,10.22,0.2
2017-02-01,2017,FEB,JFM 2017,-0.2,27.24,1.14,26.91,0.53,26.83,0.10,28.01,-0.09,1.4,1.465,-0.05,2.50,-0.1
2017-03-01,2017,MAR,FMA 2017,0.1,28.43,1.83,27.66,0.50,27.44,0.21,28.17,-0.06,1.1,1.268,-0.03,3.73,0.9
2017-04-01,2017,APR,MAM 2017,0.2,26.50,0.77,28.13,0.56,28.17,0.36,28.62,0.11,0.4,0.592,0.14,3.11,-0.2
2017-05-01,2017,MAY,AMJ 2017,0.3,24.96,0.35,27.59,0.38,28.30,0.42,28.98,0.19,0.1,-0.267,-0.19,7.30,0.3
2017-06-01,2017,JUN,MJJ 2017,0.3,23.15,-0.03,26.71,0.07,28.10,0.39,29.28,0.44,0.6,-1.150,1.18,6.14,-0.4
2017-07-01,2017,JUL,JJA 2017,0.1,21.52,-0.32,26.02,0.15,27.58,0.28,29.02,0.23,-0.6,-1.575,1.33,6.28,0.8
2017-08-01,2017,AUG,JAS 2017,-0.1,20.58,-0.28,25.23,0.02,26.85,-0.06,28.78,0.09,0.2,-1.925,0.20,7.95,0.5
2017-09-01,2017,SEP,ASO 2017,-0.4,19.87,-0.71,24.50,-0.51,26.44,-0.32,28.59,-0.09,0.6,-1.847,-0.32,7.57,0.6
2017-10-01,2017,OCT,SON 2017,-0.7,19.80,-1.07,24.69,-0.39,26.40,-0.37,28.56,-0.13,0.6,-1.735,-0.28,10.04,0.9
2017-11-01,2017,NOV,OND 2017,-0.8,20.50,-1.12,24.25,-0.95,25.91,-0.91,28.32,-0.35,0.9,-1.548,-1.98,8.01,0.9
2017-12-01,2017,DEC,NDJ 2017,-1.0,21.62,-1.22,24.12,-1.14,25.72,-0.93,28.06,-0.39,0.7,-1.264,0.58,7.30,-0.1
2018-01-01,2018,JAN,DJF 2018,-0.9,23.78,-0.74,24.59,-1.09,25.87,-0.70,28.02,-0.20,1.7,-1.134,-0.14,10.54,1.1
2018-02-01,2018,FEB,JFM 2018,-0.9,25.61,-0.49,25.59,-0.79,26.06,-0.67,27.84,-0.26,0.0,-1.260,-1.67,7.04,-0.5
2018-03-01,2018,MAR,FMA 2018,-0.7,25.85,-0.75,26.43,-0.73,26.50,-0.73,28.04,-0.18,0.5,-1.320,-1.16,1.55,1.5
2018-04-01,2018,APR,MAM 2018,-0.5,24.89,-0.84,27.08,-0.49,27.31,-0.49,28.56,0.05,1.2,-1.650,-1.12,2.05,0.5
2018-05-01,2018,MAY,AMJ 2018,-0.2,24.07,-0.54,27.07,-0.15,27.77,-0.11,28.92,0.13,1.0,-1.978,-1.09,3.41,0.4
2018-06-01,2018,JUN,MJJ 2018,0.0,22.48,-0.69,26.82,0.18,27.86,0.15,29.08,0.24,1.0,-2.118,0.66,4.67,-0.1
2018-07-01,2018,JUL,JJA 2018,0.1,21.54,-0.29,26.14,0.27,27.52,0.22,29.01,0.22,0.2,-2.089,-0.76,6.39,0.2
2018-08-01,2018,AUG,JAS 2018,0.2,20.67,-0.18,25.36,0.14,27.18,0.28,29.16,0.47,0.3,-2.159,1.24,5.10,-0.3
2018-09-01,2018,SEP,ASO 2018,0.5,20.60,0.02,25.29,0.28,27.10,0.33,29.13,0.46,0.2,-1.979,1.16,7.13,-0.9
2018-10-01,2018,OCT,SON 2018,0.8,21.15,0.27,25.85,0.76,27.63,0.86,29.56,0.88,0.3,-1.890,0.39,2.42,0.4
2018-11-01,2018,NOV,OND 2018,0.9,22.40,0.78,26.12,0.92,27.69,0.86,29.46,0.79,-0.5,-1.734,0.22,6.83,-0.1
2018-12-01,2018,DEC,NDJ 2018,0.8,23.67,0.84,26.21,0.94,27.54,0.90,29.41,0.97,-0.3,-1.700,0.56,4.17,1.0
2019-01-01,2019,JAN,DJF 2019,0.8,25.32,0.80,26.41,0.73,27.24,0.67,29.06,0.83,-0.7,-1.725,0.42,2.18,0.0
2019-02-01,2019,FEB,JFM 2019,0.7,26.77,0.67,27.09,0.71,27.44,0.71,28.94,0.85,-1.8,-1.774,-1.73,0.50,-1.4
2019-03-01,2019,MAR,FMA 2019,0.7,27.11,0.50,27.95,0.79,28.21,0.97,29.09,0.87,-1.2,-1.892,-0.05,0.80,-0.3
2019-04-01,2019,APR,MAM 2019,0.7,26.20,0.47,28.21,0.64,28.53,0.72,29.13,0.61,-0.8,-2.226,-0.84,0.95,0.1
2019-05-01,2019,MAY,AMJ 2019,0.5,24.76,0.15,27.87,0.66,28.63,0.75,29.41,0.62,-0.7,-2.535,-0.17,1.47,-0.4
2019-06-01,2019,JUN,MJJ 2019,0.5,23.15,-0.03,27.07,0.42,28.31,0.60,29.53,0.69,-0.3,-2.750,0.24,4.19,-0.5
2019-07-01,2019,JUL,JJA 2019,0.3,21.24,-0.59,25.93,0.06,27.72,0.42,29.51,0.73,0.1,-3.045,0.62,6.59,-0.4
2019-08-01,2019,AUG,JAS 2019,0.1,20.39,-0.47,25.11,-0.11,27.05,0.15,29.31,0.62,0.0,-3.344,1.16,6.24,-0.1
2019-09-01,2019,SEP,ASO 2019,0.2,19.86,-0.72,24.80,-0.21,26.75,-0.01,29.25,0.57,0.5,-3.286,1.62,2.67,-1.2
2019-10-01,2019,OCT,SON 2019,0.4,19.94,-0.93,25.25,0.16,27.28,0.52,29.53,0.84,0.4,-3.001,-0.97,4.82,-0.4
2019-11-01,2019,NOV,OND 2019,0.5,21.49,-0.13,25.57,0.37,27.28,0.46,29.40,0.73,-0.1,-2.857,-0.07,3.65,-0.8
2019-12-01,2019,DEC,NDJ 2019,0.6,23.11,0.27,25.56,0.29,27.08,0.44,29.29,0.85,-0.2,-2.549,-0.12,2.83,-0.6
2020-01-01,2020,JAN,DJF 2020,0.5,24.49,-0.03,25.89,0.22,27.08,0.52,29.16,0.94,-0.7,-2.208,-0.95,0.54,0.2
2020-02-01,2020,FEB,JFM 2020,0.5,26.24,0.14,26.48,0.10,27.09,0.35,28.98,0.88,-1.3,-2.029,-0.07,1.45,-0.1
2020-03-01,2020,MAR,FMA 2020,0.4,27.04,0.44,27.34,0.17,27.70,0.46,28.95,0.73,0.1,-1.811,-2.41,2.14,-0.1
2020-04-01,2020,APR,MAM 2020,0.2,26.01,0.28,27.96,0.39,28.22,0.41,29.04,0.53,0.7,-1.756,-1.38,0.58,0.2
2020-05-01,2020,MAY,AMJ 2020,-0.1,24.33,-0.28,27.08,-0.13,27.67,-0.21,28.83,0.04,0.7,-1.891,0.27,3.26,0.4
2020-06-01,2020,JUN,MJJ 2020,-0.3,22.31,-0.87,26.07,-0.57,27.44,-0.27,28.99,0.15,1.1,-1.855,0.86,9.78,-0.4
2020-07-01,2020,JUL,JJA 2020,-0.4,20.83,-1.01,25.45,-0.42,27.15,-0.14,28.83,0.05,0.8,-1.720,1.20,9.72,0.4
2020-08-01,2020,AUG,JAS 2020,-0.6,20.17,-0.69,24.79,-0.43,26.38,-0.52,28.36,-0.34,0.8,-1.586,1.80,9.14,1.1
2020-09-01,2020,SEP,ASO 2020,-0.9,19.82,-0.76,24.21,-0.80,26.12,-0.64,28.25,-0.43,0.8,-1.090,0.59,4.12,0.9
2020-10-01,2020,OCT,SON 2020,-1.2,20.12,-0.76,24.19,-0.90,25.64,-1.13,27.97,-0.71,1.1,-0.441,-1.08,13.68,0.5
2020-11-01,2020,NOV,OND 2020,-1.3,20.95,-0.67,24.17,-1.03,25.59,-1.23,27.98,-0.70,1.2,0.165,0.21,9.29,0.7
2020-12-01,2020,DEC,NDJ 2020,-1.2,21.98,-0.86,24.56,-0.70,25.66,-0.99,27.60,-0.85,1.8,0.571,1.28,13.54,1.8
2021-01-01,2021,JAN,DJF 2021,-1.1,23.78,-0.74,25.16,-0.51,25.67,-0.90,27.22,-1.00,2.2,0.701,-0.41,6.63,1.9
2021-02-01,2021,FEB,JFM 2021,-0.9,25.51,-0.58,25.67,-0.71,25.87,-0.87,27.23,-0.87,1.1,0.379,-0.71,3.96,1.5
2021-03-01,2021,MAR,FMA 2021,-0.8,26.18,-0.42,26.69,-0.47,26.69,-0.55,27.81,-0.41,1.5,-0.007,-1.24,3.57,0.4
2021-04-01,2021,APR,MAM 2021,-0.7,24.60,-1.13,26.81,-0.76,27.24,-0.57,28.33,-0.18,0.1,-0.422,-1.26,1.63,0.3
2021-05-01,2021,MAY,AMJ 2021,-0.5,23.78,-0.83,26.76,-0.45,27.56,-0.32,28.73,-0.06,0.2,-0.642,-1.10,7.55,0.5
2021-06-01,2021,JUN,MJJ 2021,-0.4,23.12,-0.05,26.55,-0.09,27.67,-0.04,28.88,0.04,0.8,-0.817,0.82,4.70,0.4
2021-07-01,2021,JUL,JJA 2021,-0.4,22.08,0.25,25.77,-0.10,27.11,-0.19,28.66,-0.13,0.3,-0.521,0.11,3.68,1.4
2021-08-01,2021,AUG,JAS 2021,-0.5,20.84,-0.01,25.02,-0.20,26.62,-0.28,28.62,-0.07,1.0,-0.190,0.93,5.33,0.6
2021-09-01,2021,SEP,ASO 2021,-0.7,20.76,0.18,24.84,-0.17,26.49,-0.27,28.25,-0.42,0.7,-0.198,0.33,7.00,0.8
2021-10-01,2021,OCT,SON 2021,-0.8,20.58,-0.29,24.53,-0.56,26.00,-0.77,28.11,-0.57,1.2,-0.287,1.41,6.85,0.7
2021-11-01,2021,NOV,OND 2021,-1.0,20.81,-0.81,24.43,-0.77,25.97,-0.85,27.99,-0.68,1.4,-0.451,0.68,9.35,1.0
2021-12-01,2021,DEC,NDJ 2021,-1.0,21.31,-1.53,24.06,-1.21,25.60,-1.05,27.68,-0.76,1.1,-0.740,-2.85,9.42,1.5
2022-01-01,2022,JAN,DJF 2022,-1.0,23.82,-0.70,24.50,-1.17,25.73,-0.83,28.00,-0.22,1.1,-0.569,0.65,NAN,0.5
2022-02-01,2022,FEB,JFM 2022,-0.9,24.66,-1.43,25.32,-1.06,26.02,-0.71,27.87,-0.23,1.6,-0.517,0.58,NAN,1.1
2022-03-01,2022,MAR,FMA 2022,-1.0,25.95,-0.66,26.46,-0.70,26.34,-0.89,27.58,-0.65,1.8,-0.574,-0.16,NAN,1.8
2022-04-01,2022,APR,MAM 2022,-1.1,24.31,-1.42,26.68,-0.89,26.85,-0.95,27.79,-0.72,1.6,-0.601,-0.96,NAN,1.7
2022-05-01,2022,MAY,AMJ 2022,-1.0,23.20,-1.42,26.30,-0.92,26.83,-1.05,27.93,-0.86,1.5,-0.374,-0.64,NAN,1.4
2022-06-01,2022,JUN,MJJ 2022,-0.9,21.77,-1.41,26.02,-0.62,27.03,-0.68,28.27,-0.57,1.0,NAN,-0.22,NAN,1.7
2022-07-01,2022,JUL,JJA 2022,NAN,20.67,-1.16,25.51,-0.36,26.68,-0.62,27.90,-0.88,0.8,NAN,1.96,NAN,0.8
